papel;tipo;empresa;setor;cotacao;dt_ult_cotacao;min_52_sem;max_52_sem;vol_med;valor_mercado;valor_firma;ult_balanco_pro;nr_acoes;os_dia;pl;lpa;pvp;vpa;p_ebit;marg_bruta;psr;marg_ebit;p_ativo;marg_liquida;p_cap_giro;ebit_ativo;p_ativo_circ_liq;roic;div_yield;roe;ev_ebitda;liquidez_corr;ev_ebit;cres_rec;ativo;disponibilidades;ativo_circulante;divd_bruta;divd_liquida;patr_liquido;lucro_liquido_12m;lucro_liquido_3m
AALR3;ON NM;ALLIAR ON NM;Serv.Méd.Hospit. Análises e Diagnósticos;3.4;26/05/2026;2.56;6.76;199981.0;518021000.0;881221000.0;30/09/2025;152359000;0.0;-644.0;-53.0;49.0;700.0;0.0;0.0;0.0;0.0;0.0;0.0;0.0;29.0;0.0;0.0;0.0;0.0;0.0;0.0;0.0;0.0;3027410000.0;123751000.0;811048000.0;486951000.0;363200000.0;1066930000.0;-80486000.0;7854000.0
ABCB4;PN N2;ABC Brasil PN N2;Intermediários Financeiros;24.56;26/05/2026;18.83;28.12;18332900.0;6400360000.0;0.0;31/03/2026;260601000;-97.0;636.0;386.0;90.0;2743.0;0.0;0.0;0.0;0.0;0.0;0.0;0.0;0.0;0.0;0.0;100.0;0.0;0.0;0.0;0.0;0.0;67081600000.0;0.0;0.0;0.0;0.0;7147590000.0;1006640000.0;230210000.0
ABEV3;ON;AMBEV S/A ON;Bebidas;16.59;26/05/2026;11.13;16.95;431563000.0;261519000000.0;244984000000.0;31/03/2026;15763700000;116.0;1679.0;99.0;290.0;572.0;0.0;0.0;0.0;0.0;0.0;0.0;0.0;143.0;0.0;0.0;52.0;0.0;0.0;0.0;0.0;0.0;142761000000.0;19640600000.0;42833300000.0;3105730000.0;-16534900000.0;90125800000.0;15577700000.0;3768260000.0
ADHM3;ON;ADVANCED-DH ON;;1.56;28/12/2020;1.07;3.24;2064.0;25440500.0;25440500.0;30/09/2019;16308000;0.0;-409.0;-38.0;-129.0;-121.0;0.0;0.0;0.0;0.0;0.0;0.0;0.0;-18475.0;0.0;0.0;0.0;0.0;0.0;0.0;0.0;0.0;242000.0;0.0;23000.0;0.0;0.0;-19776000.0;-6224000.0;-2492000.0
ADMF3;ON NM;CIABRASF ON NM;Holdings Diversificadas;20.0;01/04/2026;10.0;128.99;100.0;116680000.0;116634000.0;31/03/2026;5834000;0.0;-25.0;-8053.0;-2143.0;-93.0;0.0;0.0;0.0;0.0;0.0;0.0;0.0;-4271.0;0.0;0.0;0.0;0.0;0.0;0.0;0.0;0.0;4441000.0;46000.0;4441000.0;0.0;-46000.0;-5444000.0;-469787000.0;-4716000.0
AERI3;ON NM;AERIS ON NM;Máquinas e Equipamentos;2.32;26/05/2026;2.28;4.5;157942.0;144119000.0;2006540000.0;31/03/2026;62120200;-128.0;-15.0;-1521.0;-17.0;-1347.0;0.0;0.0;0.0;0.0;0.0;0.0;0.0;-294.0;0.0;0.0;0.0;0.0;0.0;0.0;0.0;0.0;1515040000.0;18815000.0;407620000.0;1881240000.0;1862420000.0;-836456000.0;-944670000.0;-138001000.0
AFLT3;ON;AFLUENTE T ON;Energia Elétrica;7.24;26/05/2026;6.42;7.75;2938.0;456735000.0;437883000.0;31/03/2026;63085000;-163.0;1390.0;52.0;175.0;413.0;0.0;0.0;0.0;0.0;0.0;0.0;0.0;127.0;0.0;0.0;52.0;0.0;0.0;0.0;0.0;0.0;366433000.0;45122000.0;127656000.0;26270000.0;-18852000.0;260421000.0;32858000.0;12974000.0
AGRO3;ON NM;BRASILAGRO ON NM;Agropecuária;19.0;26/05/2026;18.59;22.48;4596180.0;1950990000.0;3300820000.0;31/03/2026;102683000;37.0;-13195.0;-14.0;96.0;1988.0;0.0;0.0;0.0;0.0;0.0;0.0;0.0;-2.0;0.0;0.0;40.0;0.0;0.0;0.0;0.0;0.0;3821220000.0;94033000.0;1200320000.0;1443870000.0;1349840000.0;2041050000.0;-14786000.0;-14302000.0
AGXY3;ON NM;AGROGALAXY ON NM;Agropecuária;1.85;26/05/2026;1.85;6.99;56643.0;35093700.0;982297000.0;30/09/2025;18969600;-54.0;3.0;6468.0;-19.0;-978.0;0.0;0.0;0.0;0.0;0.0;0.0;0.0;-327.0;0.0;0.0;0.0;0.0;0.0;0.0;0.0;0.0;2215350000.0;57512000.0;917238000.0;1004720000.0;947203000.0;-185458000.0;1226880000.0;-639118000.0
AHEB3;ON;PARQUE ANHEMBI ON;Viagens e Lazer;23.9;19/05/2026;21.5;43.0;2726.0;204202000.0;121686000.0;31/03/2026;8544000;0.0;412.0;580.0;70.0;3423.0;0.0;0.0;0.0;0.0;0.0;0.0;0.0;91.0;0.0;0.0;0.0;0.0;0.0;0.0;0.0;0.0;598698000.0;84996000.0;257755000.0;2480000.0;-82516000.0;292484000.0;49540000.0;8404000.0
ALLD3;ON NM;ALLIED ON NM;Comércio;5.92;26/05/2026;4.94;8.24;3035990.0;568092000.0;702832000.0;31/03/2026;95961500;-34.0;166.0;357.0;37.0;1602.0;0.0;0.0;0.0;0.0;0.0;0.0;0.0;43.0;0.0;0.0;510.0;0.0;0.0;0.0;0.0;0.0;3390300000.0;290420000.0;2446600000.0;425160000.0;134740000.0;1537550000.0;342338000.0;24687000.0
ALOS3;ON;ALLOS ON;Exploração de Imóveis;28.68;26/05/2026;19.43;33.15;169310000.0;14460200000.0;12304500000.0;31/03/2026;504191000;-38.0;1747.0;164.0;112.0;2571.0;0.0;0.0;0.0;0.0;0.0;0.0;0.0;57.0;0.0;0.0;90.0;0.0;0.0;0.0;0.0;0.0;24860200000.0;2155690000.0;2933950000.0;0.0;-2155690000.0;12964600000.0;827798000.0;248302000.0
ALPA3;ON N1;ALPARGATAS ON N1;Tecidos, Vestuário e Calçados;10.1;26/05/2026;6.22;13.33;467977.0;6898930000.0;7378670000.0;31/03/2026;683062000;80.0;1114.0;91.0;199.0;506.0;0.0;0.0;0.0;0.0;0.0;0.0;0.0;136.0;0.0;0.0;173.0;0.0;0.0;0.0;0.0;0.0;6287100000.0;794729000.0;3021730000.0;1274470000.0;479745000.0;3458800000.0;619256000.0;162809000.0
ALPA4;PN N1;ALPARGATAS PN N1;Tecidos, Vestuário e Calçados;12.64;26/05/2026;7.18;16.06;27339300.0;8633900000.0;9113650000.0;31/03/2026;683062000;72.0;1394.0;91.0;250.0;506.0;0.0;0.0;0.0;0.0;0.0;0.0;0.0;136.0;0.0;0.0;142.0;0.0;0.0;0.0;0.0;0.0;6287100000.0;794729000.0;3021730000.0;1274470000.0;479745000.0;3458800000.0;619256000.0;162809000.0
ALPK3;ON NM;ESTAPAR ON NM;Serviços Diversos;4.44;26/05/2026;2.8;5.39;630635.0;973717000.0;2231280000.0;31/03/2026;219306000;-199.0;7195.0;6.0;269.0;165.0;0.0;0.0;0.0;0.0;0.0;0.0;0.0;99.0;0.0;0.0;2.0;0.0;0.0;0.0;0.0;0.0;2596930000.0;261921000.0;518545000.0;1519480000.0;1257560000.0;361758000.0;13533000.0;1788000.0
ALUP11;UNT N2;ALUPAR UNT N2;Energia Elétrica;32.64;26/05/2026;28.11;36.54;32938500.0;10759000000.0;20084500000.0;31/03/2026;988881000;-109.0;965.0;338.0;116.0;2817.0;0.0;0.0;0.0;0.0;0.0;0.0;0.0;79.0;0.0;0.0;33.0;0.0;0.0;0.0;0.0;0.0;34341800000.0;5246160000.0;8297840000.0;14571600000.0;9325490000.0;9286800000.0;1114850000.0;198067000.0
ALUP3;ON N2;ALUPAR ON N2;Energia Elétrica;12.34;26/05/2026;9.96;13.91;64377.0;12202800000.0;21528300000.0;31/03/2026;988881000;475.0;1095.0;113.0;131.0;939.0;0.0;0.0;0.0;0.0;0.0;0.0;0.0;79.0;0.0;0.0;29.0;0.0;0.0;0.0;0.0;0.0;34341800000.0;5246160000.0;8297840000.0;14571600000.0;9325490000.0;9286800000.0;1114850000.0;198067000.0
ALUP4;PN N2;ALUPAR PN N2;Energia Elétrica;10.27;26/05/2026;9.02;11.46;176319.0;10155800000.0;19481300000.0;31/03/2026;988881000;-134.0;911.0;113.0;109.0;939.0;0.0;0.0;0.0;0.0;0.0;0.0;0.0;79.0;0.0;0.0;35.0;0.0;0.0;0.0;0.0;0.0;34341800000.0;5246160000.0;8297840000.0;14571600000.0;9325490000.0;9286800000.0;1114850000.0;198067000.0
AMAR3;ON NM;LOJAS MARISA ON NM;Comércio;0.67;26/05/2026;0.67;1.48;125619.0;344056000.0;1151980000.0;31/03/2026;513516000;-290.0;-218.0;-31.0;267.0;25.0;0.0;0.0;0.0;0.0;0.0;0.0;0.0;84.0;0.0;0.0;0.0;0.0;0.0;0.0;0.0;0.0;2038200000.0;10626000.0;572272000.0;818551000.0;807925000.0;128818000.0;-158161000.0;-95815000.0
AMBP3;ON NM;AMBIPAR ON NM;Água e Saneamento;0.17;26/05/2026;0.17;19.57;1019280.0;283971000.0;6640380000.0;30/06/2025;1670420000;0.0;-111.0;-15.0;26.0;65.0;0.0;0.0;0.0;0.0;0.0;0.0;0.0;67.0;0.0;0.0;0.0;0.0;0.0;0.0;0.0;0.0;16918400000.0;4684890000.0;7328510000.0;11041300000.0;6356410000.0;1093330000.0;-256625000.0;-171760000.0
AMER3;ON;AMERICANAS ON;Comércio;5.01;26/05/2026;4.65;8.07;19780500.0;1003230000.0;2522230000.0;31/03/2026;200245000;-234.0;-965.0;-52.0;23.0;2212.0;0.0;0.0;0.0;0.0;0.0;0.0;0.0;-44.0;0.0;0.0;0.0;0.0;0.0;0.0;0.0;0.0;16167000000.0;550000000.0;7757000000.0;2069000000.0;1519000000.0;4430000000.0;-104000000.0;-329000000.0
AMOB3;ON NM;AUTOMOB ON NM;Automóveis e Motocicletas;14.48;26/05/2026;10.3;15.01;675020.0;548589000.0;3063850000.0;31/03/2026;37886000;-136.0;-179.0;-810.0;28.0;5179.0;0.0;0.0;0.0;0.0;0.0;0.0;0.0;29.0;0.0;0.0;0.0;0.0;0.0;0.0;0.0;0.0;8435990000.0;488194000.0;4721900000.0;3003450000.0;2515260000.0;1962210000.0;-307011000.0;-56750000.0
ANIM3;ON NM;ANIMA ON NM;Diversos;3.34;26/05/2026;2.88;5.17;27533500.0;1348920000.0;5491770000.0;31/03/2026;403869000;-147.0;1005.0;33.0;56.0;592.0;0.0;0.0;0.0;0.0;0.0;0.0;0.0;115.0;0.0;0.0;23.0;0.0;0.0;0.0;0.0;0.0;10556000000.0;1732160000.0;2713580000.0;5875010000.0;4142850000.0;2388890000.0;134244000.0;106213000.0
ARML3;ON NM;ARMAC ON NM;Diversos;3.78;26/05/2026;2.61;6.17;6434320.0;1309750000.0;3469930000.0;31/03/2026;346494000;161.0;2589.0;15.0;103.0;369.0;0.0;0.0;0.0;0.0;0.0;0.0;0.0;71.0;0.0;0.0;145.0;0.0;0.0;0.0;0.0;0.0;5628600000.0;1033850000.0;2010420000.0;3194030000.0;2160190000.0;1277800000.0;50588000.0;-3338000.0
ARND3;ON NM;ARANDU ON NM;Programas e Serviços;0.69;26/05/2026;0.61;4.1;1074.0;97284300.0;95005300.0;30/09/2025;140992000;-143.0;-22.0;-311.0;83.0;83.0;0.0;0.0;0.0;0.0;0.0;0.0;0.0;-81.0;0.0;0.0;0.0;0.0;0.0;0.0;0.0;0.0;293011000.0;100441000.0;182125000.0;98162000.0;-2279000.0;117149000.0;-438550000.0;-48598000.0
ASAI3;ON NM;ASSAI ON NM;Comércio e Distribuição;9.11;26/05/2026;7.02;11.73;121316000.0;12330700000.0;24338700000.0;31/03/2026;1353530000;-11.0;1762.0;52.0;209.0;435.0;0.0;0.0;0.0;0.0;0.0;0.0;0.0;132.0;0.0;0.0;11.0;0.0;0.0;0.0;0.0;0.0;47199000000.0;4366000000.0;17408000000.0;16374000000.0;12008000000.0;5887000000.0;700000000.0;320000000.0
ATED3;ON;ATOM EDUC ON;Diversos;2.21;26/05/2026;1.78;2.51;19886.0;52609000.0;51156000.0;31/03/2026;23805000;0.0;-1057.0;-21.0;324.0;68.0;0.0;0.0;0.0;0.0;0.0;0.0;0.0;17.0;0.0;0.0;0.0;0.0;0.0;0.0;0.0;0.0;21127000.0;2696000.0;8793000.0;1243000.0;-1453000.0;16248000.0;-4975000.0;-1901000.0
AUAU3;ON NM;PETZCOBASI ON NM;Comércio;3.4;26/05/2026;2.8;3.87;14077400.0;2926700000.0;2768770000.0;31/03/2026;860794000;0.0;0.0;0.0;95.0;359.0;0.0;0.0;0.0;0.0;0.0;0.0;0.0;0.0;0.0;0.0;9.0;0.0;0.0;0.0;0.0;0.0;6835590000.0;544314000.0;2265170000.0;386382000.0;-157932000.0;3091700000.0;0.0;39398000.0
AURA33;DR3;AURA 360 DR3;Mineração;127.3;26/05/2026;39.14;179.86;115109000.0;27649000000.0;28386300000.0;31/03/2026;217196000;279.0;5882.0;216.0;1755.0;725.0;0.0;0.0;0.0;0.0;0.0;0.0;0.0;396.0;0.0;0.0;12.0;0.0;0.0;0.0;0.0;0.0;8585180000.0;1397700000.0;2693960000.0;2134990000.0;737288000.0;1575520000.0;470084000.0;500444000.0
AURE3;ON NM;AUREN ON NM;Energia Elétrica;12.5;26/05/2026;8.94;14.61;48814400.0;13129700000.0;33414200000.0;31/03/2026;1050380000;-40.0;-1015.0;-123.0;110.0;1134.0;0.0;0.0;0.0;0.0;0.0;0.0;0.0;25.0;0.0;0.0;0.0;0.0;0.0;0.0;0.0;0.0;47381500000.0;3571880000.0;7409420000.0;23856300000.0;20284400000.0;11909600000.0;-1293870000.0;-621338000.0
AVLL3;ON NM;ALPHAVILLE ON NM;Construção Civil;0.64;26/05/2026;0.64;2.36;45695.0;125011000.0;698700000.0;31/03/2026;195330000;0.0;-93.0;-69.0;-56.0;-113.0;0.0;0.0;0.0;0.0;0.0;0.0;0.0;99.0;0.0;0.0;0.0;0.0;0.0;0.0;0.0;0.0;1304640000.0;175794000.0;515027000.0;749483000.0;573689000.0;-221547000.0;-134549000.0;-36021000.0
AXIA3;ON N1;AXIA ENERGIA ON N1;Energia Elétrica;53.51;26/05/2026;27.74;67.15;592650000.0;156005000000.0;201851000000.0;31/03/2026;2915430000;-164.0;1635.0;327.0;129.0;4155.0;0.0;0.0;0.0;0.0;0.0;0.0;0.0;26.0;0.0;0.0;54.0;0.0;0.0;0.0;0.0;0.0;279913000000.0;27677200000.0;55252600000.0;73523600000.0;45846400000.0;121148000000.0;9541180000.0;2629670000.0
AXIA6;PNB N1;AXIA ENERGIA PNB N1;Energia Elétrica;58.81;26/05/2026;29.62;73.5;121369000.0;171456000000.0;217303000000.0;31/03/2026;2915430000;-180.0;1797.0;327.0;142.0;4155.0;0.0;0.0;0.0;0.0;0.0;0.0;0.0;26.0;0.0;0.0;54.0;0.0;0.0;0.0;0.0;0.0;279913000000.0;27677200000.0;55252600000.0;73523600000.0;45846400000.0;121148000000.0;9541180000.0;2629670000.0
AZEV3;ON;AZEVEDO & TRAVASSOS ON;Construção e Engenharia;0.18;26/05/2026;0.17;0.61;277198.0;106696000.0;310273000.0;31/03/2026;592756000;0.0;-18.0;-102.0;95.0;19.0;0.0;0.0;0.0;0.0;0.0;0.0;0.0;-165.0;0.0;0.0;0.0;0.0;0.0;0.0;0.0;0.0;1330930000.0;39504000.0;374349000.0;243081000.0;203577000.0;112658000.0;-603823000.0;954000.0
AZEV4;PN;AZEVEDO & TRAVASSOS PN;Construção e Engenharia;0.13;26/05/2026;0.13;0.76;830352.0;77058300.0;280635000.0;31/03/2026;592756000;0.0;-13.0;-102.0;68.0;19.0;0.0;0.0;0.0;0.0;0.0;0.0;0.0;-165.0;0.0;0.0;0.0;0.0;0.0;0.0;0.0;0.0;1330930000.0;39504000.0;374349000.0;243081000.0;203577000.0;112658000.0;-603823000.0;954000.0
AZTE3;ON;AZT ENERGIA ON;Petróleo, Gás e Biocombustíveis;0.21;26/05/2026;0.21;0.69;1441740.0;75411600.0;77129600.0;31/03/2026;359103000;-455.0;-968.0;-2.0;31.0;68.0;0.0;0.0;0.0;0.0;0.0;0.0;0.0;-22.0;0.0;0.0;0.0;0.0;0.0;0.0;0.0;0.0;270077000.0;434000.0;4472000.0;2152000.0;1718000.0;245544000.0;-7794000.0;-2472000.0
AZUL4;PN;AZUL PN;Transporte;0.81;22/12/2025;0.55;1.51;0.0;296532000.0;18851000000.0;31/03/2026;366089000;0.0;7.0;1227.0;-8.0;-1031.0;0.0;0.0;0.0;0.0;0.0;0.0;0.0;112.0;0.0;0.0;0.0;0.0;0.0;0.0;0.0;0.0;31166500000.0;2088030000.0;7227970000.0;20642500000.0;18554400000.0;-3774370000.0;4491650000.0;6020390000.0
AZZA3;ON;AZZAS 2154 ON;Comércio;20.5;26/05/2026;18.5;41.16;78901000.0;4233040000.0;6414050000.0;31/03/2026;206490000;-187.0;509.0;403.0;53.0;3877.0;0.0;0.0;0.0;0.0;0.0;0.0;0.0;64.0;0.0;0.0;121.0;0.0;0.0;0.0;0.0;0.0;15193900000.0;1063200000.0;6692580000.0;3244210000.0;2181010000.0;8005540000.0;832019000.0;38596000.0
B3SA3;ON;B3 ON;Serviços Financeiros Diversos;16.94;26/05/2026;11.86;19.84;655761000.0;85487700000.0;84860800000.0;31/03/2026;5046500000;-185.0;1725.0;98.0;468.0;362.0;0.0;0.0;0.0;0.0;0.0;0.0;0.0;145.0;0.0;0.0;37.0;0.0;0.0;0.0;0.0;0.0;48574000000.0;15617000000.0;17945700000.0;14990200000.0;-626862000.0;18255700000.0;4956510000.0;1476970000.0
BALM3;ON;BAUMER ON;Equipamentos;25.18;21/05/2026;16.87;29.05;254.0;246764000.0;198809000.0;31/03/2026;9800000;0.0;1281.0;197.0;155.0;1629.0;0.0;0.0;0.0;0.0;0.0;0.0;0.0;144.0;0.0;0.0;191.0;0.0;0.0;0.0;0.0;0.0;282119000.0;68991000.0;207182000.0;21036000.0;-47955000.0;159668000.0;19264000.0;4648000.0
BALM4;PN;BAUMER PN;Equipamentos;20.05;26/05/2026;12.08;20.1;11998.0;196490000.0;148535000.0;31/03/2026;9800000;0.0;1020.0;197.0;123.0;1629.0;0.0;0.0;0.0;0.0;0.0;0.0;0.0;144.0;0.0;0.0;240.0;0.0;0.0;0.0;0.0;0.0;282119000.0;68991000.0;207182000.0;21036000.0;-47955000.0;159668000.0;19264000.0;4648000.0
BAUH4;PN;EXCELSIOR PN;Alimentos Processados;93.9;08/05/2026;70.14;93.9;4255.0;490346000.0;412804000.0;31/03/2026;5222000;0.0;0.0;0.0;331.0;2838.0;0.0;0.0;0.0;0.0;0.0;0.0;0.0;0.0;0.0;0.0;12.0;0.0;0.0;0.0;0.0;0.0;219614000.0;77542000.0;125168000.0;0.0;-77542000.0;148175000.0;0.0;6163000.0
BAZA3;ON;BANCO DA AMAZONIA S.A. ON;Intermediários Financeiros;69.4;26/05/2026;66.8;88.98;476599.0;3890430000.0;0.0;31/03/2026;56058000;-145.0;460.0;1508.0;54.0;12813.0;0.0;0.0;0.0;0.0;0.0;0.0;0.0;0.0;0.0;0.0;0.0;0.0;0.0;0.0;0.0;0.0;64644400000.0;0.0;0.0;0.0;0.0;7182830000.0;845498000.0;47537000.0
BBAS3;ON;BANCO DO BRASIL S.A. ON;Intermediários Financeiros;21.11;26/05/2026;18.1;27.52;524776000.0;120978000000.0;0.0;31/03/2026;5730830000;-249.0;841.0;251.0;65.0;3255.0;0.0;0.0;0.0;0.0;0.0;0.0;0.0;0.0;0.0;0.0;39.0;0.0;0.0;0.0;0.0;0.0;2564000000000.0;0.0;0.0;0.0;0.0;186520000000.0;14385800000.0;3032860000.0
BBDC3;ON N1;BANCO BRADESCO S.A. ON N1;Intermediários Financeiros;15.58;26/05/2026;12.54;18.45;111722000.0;165024000000.0;0.0;31/03/2026;10592000000;-38.0;694.0;224.0;95.0;1638.0;0.0;0.0;0.0;0.0;0.0;0.0;0.0;0.0;0.0;0.0;88.0;0.0;0.0;0.0;0.0;0.0;1953400000000.0;0.0;0.0;0.0;0.0;173549000000.0;23777200000.0;5030150000.0
BBDC4;PN N1;BANCO BRADESCO S.A. PN N1;Intermediários Financeiros;17.84;26/05/2026;14.61;21.43;612976000.0;188962000000.0;0.0;31/03/2026;10592000000;-127.0;795.0;224.0;109.0;1638.0;0.0;0.0;0.0;0.0;0.0;0.0;0.0;0.0;0.0;0.0;84.0;0.0;0.0;0.0;0.0;0.0;1953400000000.0;0.0;0.0;0.0;0.0;173549000000.0;23777200000.0;5030150000.0
BBSE3;ON NM;BBSEGURIDADE ON NM;Previdência e Seguros;34.72;26/05/2026;29.44;36.41;177087000.0;67405400000.0;0.0;31/03/2026;1941400000;29.0;733.0;473.0;533.0;651.0;0.0;0.0;0.0;0.0;0.0;0.0;0.0;510.0;0.0;0.0;135.0;0.0;0.0;0.0;0.0;0.0;19619000000.0;0.0;0.0;0.0;0.0;12641100000.0;9192500000.0;2139440000.0
BDLL3;ON;BARDELLA ON;Máquinas e Equipamentos;6.0;22/05/2026;6.0;9.9;215.0;9600000.0;184090000.0;31/03/2026;1600000;0.0;-50.0;-1192.0;-4.0;-15791.0;0.0;0.0;0.0;0.0;0.0;0.0;0.0;-43.0;0.0;0.0;0.0;0.0;0.0;0.0;0.0;0.0;381562000.0;7524000.0;136063000.0;182014000.0;174490000.0;-252658000.0;-19073000.0;-7968000.0
BDLL4;PN;BARDELLA PN;Máquinas e Equipamentos;3.77;25/05/2026;3.15;8.4;10647.0;6032000.0;180522000.0;31/03/2026;1600000;0.0;-32.0;-1192.0;-2.0;-15791.0;0.0;0.0;0.0;0.0;0.0;0.0;0.0;-43.0;0.0;0.0;0.0;0.0;0.0;0.0;0.0;0.0;381562000.0;7524000.0;136063000.0;182014000.0;174490000.0;-252658000.0;-19073000.0;-7968000.0
BEEF3;ON NM;Minerva ON NM;Alimentos Processados;3.93;26/05/2026;3.61;7.18;70246400.0;3932140000.0;17622500000.0;31/03/2026;1000540000;261.0;552.0;71.0;312.0;126.0;0.0;0.0;0.0;0.0;0.0;0.0;0.0;94.0;0.0;0.0;50.0;0.0;0.0;0.0;0.0;0.0;41644300000.0;10882100000.0;24253400000.0;24572500000.0;13690300000.0;1260430000.0;711778000.0;57658000.0
BEES3;ON;BANESTES S/A ON;Intermediários Financeiros;8.61;26/05/2026;7.04;9.27;93035.0;2992010000.0;0.0;31/03/2026;347504000;12.0;665.0;129.0;123.0;702.0;0.0;0.0;0.0;0.0;0.0;0.0;0.0;0.0;0.0;0.0;92.0;0.0;0.0;0.0;0.0;0.0;40167300000.0;0.0;0.0;0.0;0.0;2439940000.0;449596000.0;90703000.0
BEES4;PN;BANESTES S/A PN;Intermediários Financeiros;8.63;26/05/2026;7.04;9.27;38909.0;2998960000.0;0.0;31/03/2026;347504000;0.0;667.0;129.0;123.0;702.0;0.0;0.0;0.0;0.0;0.0;0.0;0.0;0.0;0.0;0.0;92.0;0.0;0.0;0.0;0.0;0.0;40167300000.0;0.0;0.0;0.0;0.0;2439940000.0;449596000.0;90703000.0
BGIP3;ON;BANESE ON;Intermediários Financeiros;51.75;22/05/2026;27.33;64.2;32610.0;1194490000.0;0.0;31/03/2026;23082000;0.0;745.0;694.0;123.0;4207.0;0.0;0.0;0.0;0.0;0.0;0.0;0.0;0.0;0.0;0.0;60.0;0.0;0.0;0.0;0.0;0.0;13093000000.0;0.0;0.0;0.0;0.0;971103000.0;160282000.0;30564000.0
BGIP4;PN;BANESE PN;Intermediários Financeiros;32.83;26/05/2026;23.69;38.95;82928.0;757782000.0;0.0;31/03/2026;23082000;-55.0;473.0;694.0;78.0;4207.0;0.0;0.0;0.0;0.0;0.0;0.0;0.0;0.0;0.0;0.0;104.0;0.0;0.0;0.0;0.0;0.0;13093000000.0;0.0;0.0;0.0;0.0;971103000.0;160282000.0;30564000.0
BHIA3;ON;CASAS BAHIA ON;Comércio;1.34;26/05/2026;1.26;5.15;14467600.0;1307660000.0;7152660000.0;31/03/2026;975865000;-563.0;-36.0;-373.0;74.0;182.0;0.0;0.0;0.0;0.0;0.0;0.0;0.0;70.0;0.0;0.0;0.0;0.0;0.0;0.0;0.0;0.0;33330000000.0;1532000000.0;15317000000.0;7377000000.0;5845000000.0;1778000000.0;-3644000000.0;-1064000000.0
BIED3;ON;BIOMA EDUC ON;Diversos;7.64;22/05/2026;2.9;10.04;25731.0;203478000.0;234938000.0;31/03/2026;26633200;0.0;-396.0;-193.0;1234.0;62.0;0.0;0.0;0.0;0.0;0.0;0.0;0.0;21.0;0.0;0.0;0.0;0.0;0.0;0.0;0.0;0.0;398752000.0;18548000.0;51220000.0;50008000.0;31460000.0;16492000.0;-51336000.0;-2595000.0
BIOM3;ON;BIOMM SA ON;Medicamentos e Outros Produtos;7.19;26/05/2026;5.9;10.3;8611700.0;983966000.0;1043050000.0;31/03/2026;136852000;155.0;4090.0;18.0;304.0;236.0;0.0;0.0;0.0;0.0;0.0;0.0;0.0;59.0;0.0;0.0;0.0;0.0;0.0;0.0;0.0;0.0;573452000.0;30817000.0;321602000.0;89900000.0;59083000.0;323358000.0;24057000.0;19009000.0
BLAU3;ON NM;BLAU ON NM;Comércio e Distribuição;10.91;26/05/2026;8.54;11.6;2738510.0;2544340000.0;2562450000.0;31/03/2026;233212000;74.0;1044.0;105.0;111.0;984.0;0.0;0.0;0.0;0.0;0.0;0.0;0.0;96.0;0.0;0.0;61.0;0.0;0.0;0.0;0.0;0.0;3573700000.0;542184000.0;1827920000.0;560288000.0;18104000.0;2293680000.0;243789000.0;39768000.0
BLUT3;ON;B TECH EQI ON;Outros;5.14;20/09/2022;3.72;8.88;3092.0;26229400.0;32977400.0;31/12/2021;5103000;0.0;-563.0;-91.0;46.0;1109.0;0.0;0.0;0.0;0.0;0.0;0.0;0.0;-3.0;0.0;0.0;0.0;0.0;0.0;0.0;0.0;0.0;189948000.0;0.0;66000.0;6748000.0;6748000.0;56569000.0;-4662000.0;-685000.0
BLUT4;PN;B TECH EQI PN;Outros;1.52;20/09/2022;1.52;4.0;10453.0;7756560.0;14504600.0;31/12/2021;5103000;0.0;-166.0;-91.0;14.0;1109.0;0.0;0.0;0.0;0.0;0.0;0.0;0.0;-3.0;0.0;0.0;0.0;0.0;0.0;0.0;0.0;0.0;189948000.0;0.0;66000.0;6748000.0;6748000.0;56569000.0;-4662000.0;-685000.0
BMEB3;ON;BANCO MERCANTIL DO BRASIL S/A ON;Intermediários Financeiros;59.12;26/05/2026;26.71;74.9;449098.0;7314860000.0;0.0;31/03/2026;123729000;-308.0;931.0;635.0;245.0;2412.0;0.0;0.0;0.0;0.0;0.0;0.0;0.0;0.0;0.0;0.0;24.0;0.0;0.0;0.0;0.0;0.0;37969500000.0;0.0;0.0;0.0;0.0;2984780000.0;785871000.0;273100000.0
BMEB4;PN;BANCO MERCANTIL DO BRASIL S/A PN;Intermediários Financeiros;80.7;26/05/2026;33.5;86.59;1906460.0;9984930000.0;0.0;31/03/2026;123729000;-159.0;1271.0;635.0;335.0;2412.0;0.0;0.0;0.0;0.0;0.0;0.0;0.0;0.0;0.0;0.0;20.0;0.0;0.0;0.0;0.0;0.0;37969500000.0;0.0;0.0;0.0;0.0;2984780000.0;785871000.0;273100000.0
BMGB4;PN N1;BANCO BMG PN N1;Intermediários Financeiros;5.29;26/05/2026;3.06;5.8;7327850.0;3429420000.0;0.0;31/03/2026;648284000;-167.0;578.0;91.0;81.0;654.0;0.0;0.0;0.0;0.0;0.0;0.0;0.0;0.0;0.0;0.0;93.0;0.0;0.0;0.0;0.0;0.0;51393300000.0;0.0;0.0;0.0;0.0;4240870000.0;592889000.0;147090000.0
BMIN4;PN;BANCO MERCANTIL DE INVESTIMENTOS SA PN;Intermediários Financeiros;17.6;21/05/2026;15.57;24.15;3711.0;84920000.0;0.0;31/03/2026;4825000;0.0;748.0;235.0;59.0;3007.0;0.0;0.0;0.0;0.0;0.0;0.0;0.0;0.0;0.0;0.0;80.0;0.0;0.0;0.0;0.0;0.0;633493000.0;0.0;0.0;0.0;0.0;145067000.0;11347000.0;3703000.0
BMKS3;ON;MONARK ON;Viagens e Lazer;372.0;26/05/2026;272.85;402.44;35506.0;169167000.0;6640020.0;31/03/2026;454750;0.0;284.0;13097.0;82.0;45444.0;0.0;0.0;0.0;0.0;0.0;0.0;0.0;-85.0;0.0;0.0;350.0;0.0;0.0;0.0;0.0;0.0;251521000.0;164765000.0;181463000.0;2238000.0;-162527000.0;206657000.0;59558000.0;3729000.0
BMOB3;ON NM;BEMOBI TECH ON NM;Programas e Serviços;25.6;26/05/2026;17.39;28.2;17685400.0;2191570000.0;1883250000.0;31/03/2026;85608400;-35.0;1372.0;187.0;225.0;1138.0;0.0;0.0;0.0;0.0;0.0;0.0;0.0;78.0;0.0;0.0;83.0;0.0;0.0;0.0;0.0;0.0;2026430000.0;349216000.0;1443770000.0;40893000.0;-308323000.0;974187000.0;159700000.0;34212000.0
BNBR3;ON;BANCO DO NORDESTE ON;Intermediários Financeiros;108.75;26/05/2026;85.44;121.5;26404.0;10733600000.0;0.0;31/03/2026;98700000;-203.0;332.0;3273.0;65.0;16819.0;0.0;0.0;0.0;0.0;0.0;0.0;0.0;0.0;0.0;0.0;65.0;0.0;0.0;0.0;0.0;0.0;75643700000.0;0.0;0.0;0.0;0.0;16600600000.0;3230310000.0;488016000.0
BOBR4;PN;BOMBRIL SA PN;Produtos de Uso Pessoal e de Limpeza;1.22;26/05/2026;1.16;1.68;6594.0;317822000.0;471284000.0;30/09/2025;260510000;-615.0;-20.0;-608.0;-20.0;-608.0;0.0;0.0;0.0;0.0;0.0;0.0;0.0;183.0;0.0;0.0;0.0;0.0;0.0;0.0;0.0;0.0;895724000.0;22243000.0;441994000.0;175705000.0;153462000.0;-1583160000.0;-1584110000.0;20635000.0
BPAC11;UNT;BTGP BANCO UNT;Intermediários Financeiros;55.5;26/05/2026;37.61;64.34;527315000.0;215896000000.0;0.0;31/03/2026;11670100000;-72.0;1247.0;445.0;290.0;1915.0;0.0;0.0;0.0;0.0;0.0;0.0;0.0;0.0;0.0;0.0;22.0;0.0;0.0;0.0;0.0;0.0;717681000000.0;0.0;0.0;0.0;0.0;74510400000.0;17307500000.0;4570400000.0
BPAC3;ON;BTGP BANCO ON;Intermediários Financeiros;27.98;26/05/2026;20.79;45.29;602303.0;326528000000.0;0.0;31/03/2026;11670100000;-60.0;1887.0;148.0;438.0;638.0;0.0;0.0;0.0;0.0;0.0;0.0;0.0;0.0;0.0;0.0;15.0;0.0;0.0;0.0;0.0;0.0;717681000000.0;0.0;0.0;0.0;0.0;74510400000.0;17307500000.0;4570400000.0
BPAC5;PNA;BTGP BANCO PNA;Intermediários Financeiros;14.99;26/05/2026;8.14;21.28;485606.0;174934000000.0;0.0;31/03/2026;11670100000;135.0;1011.0;148.0;235.0;638.0;0.0;0.0;0.0;0.0;0.0;0.0;0.0;0.0;0.0;0.0;27.0;0.0;0.0;0.0;0.0;0.0;717681000000.0;0.0;0.0;0.0;0.0;74510400000.0;17307500000.0;4570400000.0
BPAN4;PN;BANCO PAN PN;Intermediários Financeiros;12.75;23/01/2026;7.35;12.75;0.0;16180600000.0;0.0;30/09/2025;1269070000;0.0;2147.0;59.0;208.0;614.0;0.0;0.0;0.0;0.0;0.0;0.0;0.0;0.0;0.0;0.0;0.0;0.0;0.0;0.0;0.0;0.0;69375300000.0;0.0;0.0;0.0;0.0;7792670000.0;753744000.0;187071000.0
BRAP3;ON N1;BRADESPAR S/A ON N1;Mineração;19.69;26/05/2026;12.76;21.7;1102100.0;7740080000.0;7484080000.0;31/03/2026;393097000;-61.0;990.0;199.0;99.0;1990.0;0.0;0.0;0.0;0.0;0.0;0.0;0.0;-5.0;0.0;0.0;109.0;0.0;0.0;0.0;0.0;0.0;7870440000.0;256000000.0;256520000.0;0.0;-256000000.0;7823900000.0;782165000.0;553506000.0
BRAP4;PN N1;BRADESPAR S/A PN N1;Mineração;23.08;26/05/2026;13.56;25.49;50791400.0;9072680000.0;8816680000.0;31/03/2026;393097000;-47.0;1160.0;199.0;116.0;1990.0;0.0;0.0;0.0;0.0;0.0;0.0;0.0;-5.0;0.0;0.0;102.0;0.0;0.0;0.0;0.0;0.0;7870440000.0;256000000.0;256520000.0;0.0;-256000000.0;7823900000.0;782165000.0;553506000.0
BRAV3;ON;BRAVA ON;Petróleo, Gás e Biocombustíveis;20.07;26/05/2026;13.35;21.64;239425000.0;9323660000.0;19951100000.0;31/03/2026;464557000;70.0;4013.0;50.0;82.0;2456.0;0.0;0.0;0.0;0.0;0.0;0.0;0.0;66.0;0.0;0.0;6.0;0.0;0.0;0.0;0.0;0.0;42610100000.0;5220180000.0;8229310000.0;15847600000.0;10627400000.0;11410000000.0;232365000.0;-349686000.0
BRBI11;UNT N2;BR PARTNERS UNT N2;Intermediários Financeiros;16.11;26/05/2026;13.91;21.02;4799190.0;1691480000.0;474672000.0;31/03/2026;314987000;-266.0;997.0;162.0;213.0;756.0;0.0;0.0;0.0;0.0;0.0;0.0;0.0;1.0;0.0;0.0;97.0;0.0;0.0;0.0;0.0;0.0;18173400000.0;0.0;0.0;0.0;0.0;-1216810000.0;9597020.0;-2855000.0
BRKM3;ON N1;BRASKEM ON N1;Químicos;8.53;26/05/2026;7.05;12.35;452804.0;6800180000.0;49818200000.0;31/03/2026;797208000;-229.0;-74.0;-1146.0;-43.0;-1974.0;0.0;0.0;0.0;0.0;0.0;0.0;0.0;-50.0;0.0;0.0;0.0;0.0;0.0;0.0;0.0;0.0;75870000000.0;6046000000.0;26191000000.0;49064000000.0;43018000000.0;-15736000000.0;-9132000000.0;1446000000.0
BRKM5;PNA N1;BRASKEM PNA N1;Químicos;11.68;26/05/2026;6.26;12.7;62428500.0;9311390000.0;52329400000.0;31/03/2026;797208000;-581.0;-102.0;-1146.0;-59.0;-1974.0;0.0;0.0;0.0;0.0;0.0;0.0;0.0;-50.0;0.0;0.0;0.0;0.0;0.0;0.0;0.0;0.0;75870000000.0;6046000000.0;26191000000.0;49064000000.0;43018000000.0;-15736000000.0;-9132000000.0;1446000000.0
BRKM6;PNB N1;BRASKEM PNB N1;Químicos;7.02;20/05/2026;6.12;9.89;498.0;5596400000.0;48614400000.0;31/03/2026;797208000;0.0;-61.0;-1146.0;-36.0;-1974.0;0.0;0.0;0.0;0.0;0.0;0.0;0.0;-50.0;0.0;0.0;0.0;0.0;0.0;0.0;0.0;0.0;75870000000.0;6046000000.0;26191000000.0;49064000000.0;43018000000.0;-15736000000.0;-9132000000.0;1446000000.0
BRSR3;ON;BANRISUL S/A ON;Intermediários Financeiros;17.87;26/05/2026;10.54;19.74;106425.0;7308370000.0;0.0;31/03/2026;408974000;102.0;461.0;387.0;65.0;2769.0;0.0;0.0;0.0;0.0;0.0;0.0;0.0;0.0;0.0;0.0;89.0;0.0;0.0;0.0;0.0;0.0;164205000000.0;0.0;0.0;0.0;0.0;11323200000.0;1584360000.0;221407000.0
BRSR5;PNA;BANRISUL S/A PNA;Intermediários Financeiros;17.01;07/05/2026;13.36;19.38;455.0;6956650000.0;0.0;31/03/2026;408974000;0.0;439.0;387.0;61.0;2769.0;0.0;0.0;0.0;0.0;0.0;0.0;0.0;0.0;0.0;0.0;95.0;0.0;0.0;0.0;0.0;0.0;164205000000.0;0.0;0.0;0.0;0.0;11323200000.0;1584360000.0;221407000.0
BRSR6;PNB;BANRISUL S/A PNB;Intermediários Financeiros;14.82;26/05/2026;9.71;18.86;28469800.0;6061000000.0;0.0;31/03/2026;408974000;-74.0;383.0;387.0;54.0;2769.0;0.0;0.0;0.0;0.0;0.0;0.0;0.0;0.0;0.0;0.0;107.0;0.0;0.0;0.0;0.0;0.0;164205000000.0;0.0;0.0;0.0;0.0;11323200000.0;1584360000.0;221407000.0
BRST3;ON NM;BRISANET ON NM;Telecomunicações;2.83;26/05/2026;2.58;3.55;1173050.0;1239560000.0;2920590000.0;31/03/2026;438008000;-139.0;3138.0;9.0;79.0;357.0;0.0;0.0;0.0;0.0;0.0;0.0;0.0;55.0;0.0;0.0;15.0;0.0;0.0;0.0;0.0;0.0;4637800000.0;724410000.0;1074170000.0;2405440000.0;1681030000.0;1562810000.0;39507000.0;19047000.0
BSLI3;ON;BRB ON;Intermediários Financeiros;3.46;26/05/2026;3.35;10.54;131222.0;1682190000.0;0.0;30/06/2025;486181000;87.0;241.0;144.0;42.0;820.0;0.0;0.0;0.0;0.0;0.0;0.0;0.0;0.0;0.0;0.0;84.0;0.0;0.0;0.0;0.0;0.0;74509300000.0;0.0;0.0;0.0;0.0;3984960000.0;698331000.0;272858000.0
BSLI4;ON;BRB ON;Intermediários Financeiros;3.5;26/05/2026;3.34;11.48;135466.0;1701630000.0;0.0;30/06/2025;486181000;-141.0;244.0;144.0;43.0;820.0;0.0;0.0;0.0;0.0;0.0;0.0;0.0;0.0;0.0;0.0;92.0;0.0;0.0;0.0;0.0;0.0;74509300000.0;0.0;0.0;0.0;0.0;3984960000.0;698331000.0;272858000.0
CALI3;ON;CAL S/A ON;Construção Civil;23.37;19/05/2026;15.11;25.0;3674.0;163333000.0;313897000.0;31/03/2026;6989000;0.0;399.0;586.0;81.0;2879.0;0.0;0.0;0.0;0.0;0.0;0.0;0.0;47.0;0.0;0.0;39.0;0.0;0.0;0.0;0.0;0.0;1057100000.0;168109000.0;800769000.0;318673000.0;150564000.0;201211000.0;40931000.0;16436000.0
CAMB3;ON;PENALTY ON;Tecidos, Vestuário e Calçados;10.0;26/05/2026;8.13;10.39;243362.0;422750000.0;366210000.0;31/03/2026;42275000;111.0;613.0;163.0;132.0;756.0;0.0;0.0;0.0;0.0;0.0;0.0;0.0;154.0;0.0;0.0;122.0;0.0;0.0;0.0;0.0;0.0;390149000.0;58191000.0;201014000.0;1651000.0;-56540000.0;319417000.0;68956000.0;19677000.0
CAML3;ON NM;CAMIL ON NM;Alimentos Processados;5.87;26/05/2026;4.11;7.32;7471510.0;2054500000.0;5302740000.0;28/02/2026;350000000;121.0;1385.0;42.0;68.0;862.0;0.0;0.0;0.0;0.0;0.0;0.0;0.0;51.0;0.0;0.0;50.0;0.0;0.0;0.0;0.0;0.0;10774500000.0;2022700000.0;5513440000.0;5270950000.0;3248240000.0;3015320000.0;148369000.0;-40394000.0
CASH3;ON NM;MELIUZ ON NM;Programas e Serviços;4.27;26/05/2026;3.24;8.82;5158960.0;483475000.0;392110000.0;31/03/2026;113226000;215.0;-682.0;-63.0;107.0;399.0;0.0;0.0;0.0;0.0;0.0;0.0;0.0;-77.0;0.0;0.0;0.0;0.0;0.0;0.0;0.0;0.0;550042000.0;91365000.0;197886000.0;0.0;-91365000.0;451778000.0;-70887000.0;-59939000.0
CBAV3;ON NM;CBA ON NM;Mineração;10.71;26/05/2026;2.83;10.71;31740400.0;6972990000.0;10105800000.0;31/03/2026;651073000;66.0;5693.0;19.0;151.0;711.0;0.0;0.0;0.0;0.0;0.0;0.0;0.0;14.0;0.0;0.0;4.0;0.0;0.0;0.0;0.0;0.0;14112200000.0;1488050000.0;4765150000.0;4620840000.0;3132790000.0;4630130000.0;122494000.0;306437000.0
CBEE3;ON;AMPLA ENERG ON;Energia Elétrica;11.95;26/05/2026;8.49;14.83;497.0;5416030000.0;10196000000.0;31/03/2026;453224000;3412.0;10663.0;11.0;54.0;2200.0;0.0;0.0;0.0;0.0;0.0;0.0;0.0;64.0;0.0;0.0;0.0;0.0;0.0;0.0;0.0;0.0;22330900000.0;154745000.0;4989850000.0;4934770000.0;4780020000.0;9970030000.0;50795000.0;109635000.0
CEAB3;ON NM;CEA MODAS ON NM;Comércio;11.37;26/05/2026;9.51;19.95;107410000.0;3504750000.0;3636400000.0;31/03/2026;308245000;-477.0;599.0;190.0;95.0;1201.0;0.0;0.0;0.0;0.0;0.0;0.0;0.0;111.0;0.0;0.0;46.0;0.0;0.0;0.0;0.0;0.0;8629790000.0;805748000.0;4015370000.0;937402000.0;131654000.0;3702830000.0;584677000.0;1664000.0
CEBR3;ON;CEB - COMPANHIA ENERGÉTICA DE BRASÍLIA ON;Energia Elétrica;28.0;26/05/2026;15.74;34.51;181077.0;2018300000.0;1637280000.0;31/03/2026;72082000;0.0;1209.0;232.0;213.0;1312.0;0.0;0.0;0.0;0.0;0.0;0.0;0.0;89.0;0.0;0.0;141.0;0.0;0.0;0.0;0.0;0.0;1367090000.0;381013000.0;643751000.0;0.0;-381013000.0;945696000.0;166923000.0;30979000.0
CEBR5;PNA;CEB - COMPANHIA ENERGÉTICA DE BRASÍLIA PNA;Energia Elétrica;27.05;26/05/2026;15.64;29.44;54093.0;1949820000.0;1568810000.0;31/03/2026;72082000;289.0;1168.0;232.0;206.0;1312.0;0.0;0.0;0.0;0.0;0.0;0.0;0.0;89.0;0.0;0.0;146.0;0.0;0.0;0.0;0.0;0.0;1367090000.0;381013000.0;643751000.0;0.0;-381013000.0;945696000.0;166923000.0;30979000.0
CEBR6;PNB;CEB - COMPANHIA ENERGÉTICA DE BRASÍLIA PNB;Energia Elétrica;31.07;26/05/2026;17.51;32.0;240502.0;2239590000.0;1858570000.0;31/03/2026;72082000;-13.0;1342.0;232.0;237.0;1312.0;0.0;0.0;0.0;0.0;0.0;0.0;0.0;89.0;0.0;0.0;140.0;0.0;0.0;0.0;0.0;0.0;1367090000.0;381013000.0;643751000.0;0.0;-381013000.0;945696000.0;166923000.0;30979000.0
CEDO3;ON;CIA. DE FIAÇÃO E TECIDOS CEDRO CACHOEIRA ON;Tecidos, Vestuário e Calçados;10.0;14/05/2026;7.0;29.0;1971.0;100000000.0;472845000.0;31/03/2026;10000000;0.0;-180.0;-555.0;39.0;2595.0;0.0;0.0;0.0;0.0;0.0;0.0;0.0;84.0;0.0;0.0;0.0;0.0;0.0;0.0;0.0;0.0;929843000.0;10714000.0;365672000.0;383559000.0;372845000.0;259506000.0;-55520000.0;-18168000.0
CEDO4;PN;CIA. DE FIAÇÃO E TECIDOS CEDRO CACHOEIRA PN;Tecidos, Vestuário e Calçados;5.94;26/05/2026;5.94;19.5;27144.0;59400000.0;432245000.0;31/03/2026;10000000;-133.0;-107.0;-555.0;23.0;2595.0;0.0;0.0;0.0;0.0;0.0;0.0;0.0;84.0;0.0;0.0;0.0;0.0;0.0;0.0;0.0;0.0;929843000.0;10714000.0;365672000.0;383559000.0;372845000.0;259506000.0;-55520000.0;-18168000.0
CEEB3;ON;COELBA ON;Energia Elétrica;48.29;26/05/2026;31.8;50.0;15898.0;12656600000.0;31291600000.0;31/03/2026;262096000;-4.0;676.0;714.0;156.0;3094.0;0.0;0.0;0.0;0.0;0.0;0.0;0.0;118.0;0.0;0.0;120.0;0.0;0.0;0.0;0.0;0.0;37739000000.0;2979000000.0;8572000000.0;21614000000.0;18635000000.0;8110000000.0;1872000000.0;406000000.0
CEEB5;PNA;COELBA PNA;Energia Elétrica;43.6;04/05/2026;30.6;44.08;757.0;11427400000.0;30062400000.0;31/03/2026;262096000;0.0;610.0;714.0;141.0;3094.0;0.0;0.0;0.0;0.0;0.0;0.0;0.0;118.0;0.0;0.0;133.0;0.0;0.0;0.0;0.0;0.0;37739000000.0;2979000000.0;8572000000.0;21614000000.0;18635000000.0;8110000000.0;1872000000.0;406000000.0
CEED3;ON N1;CEEE-D ON N1;Energia Elétrica;9.79;18/02/2026;6.65;9.99;0.0;668216000.0;7709170000.0;31/03/2026;68255000;0.0;-90.0;-1087.0;-15.0;-6317.0;0.0;0.0;0.0;0.0;0.0;0.0;0.0;57.0;0.0;0.0;0.0;0.0;0.0;0.0;0.0;0.0;10063900000.0;1069340000.0;3393800000.0;8110290000.0;7040950000.0;-4311770000.0;-742009000.0;-40807000.0
CEGR3;ON;CEG ON;Gás;32.69;19/05/2026;32.69;95.47;1510.0;8487570000.0;8801860000.0;31/03/2026;259638000;0.0;1267.0;258.0;389.0;840.0;0.0;0.0;0.0;0.0;0.0;0.0;0.0;248.0;0.0;0.0;20.0;0.0;0.0;0.0;0.0;0.0;4768590000.0;443466000.0;1183610000.0;757761000.0;314295000.0;2181060000.0;670085000.0;137617000.0
CGAS3;ON;COMPANHIA DE GÁS DE SÃO PAULO - COMGÁS ON;Gás;123.99;22/05/2026;113.13;136.99;13908.0;16431300000.0;24982700000.0;31/03/2026;132521000;0.0;1067.0;1162.0;954.0;1299.0;0.0;0.0;0.0;0.0;0.0;0.0;0.0;186.0;0.0;0.0;66.0;0.0;0.0;0.0;0.0;0.0;16495300000.0;2473080000.0;5478740000.0;11024500000.0;8551440000.0;1721830000.0;1539430000.0;279271000.0
CGAS5;PNAS;COMPANHIA DE GÁS DE SÃO PAULO - COMGÁS PNAS;Gás;124.59;26/05/2026;117.18;135.94;163289.0;16510800000.0;25062200000.0;31/03/2026;132521000;35.0;1073.0;1162.0;959.0;1299.0;0.0;0.0;0.0;0.0;0.0;0.0;0.0;186.0;0.0;0.0;72.0;0.0;0.0;0.0;0.0;0.0;16495300000.0;2473080000.0;5478740000.0;11024500000.0;8551440000.0;1721830000.0;1539430000.0;279271000.0
CGRA3;ON;GRAZZIOTIN ON;Comércio;24.93;25/05/2026;18.58;28.52;33281.0;588770000.0;432325000.0;31/03/2026;23616900;0.0;696.0;358.0;67.0;3740.0;0.0;0.0;0.0;0.0;0.0;0.0;0.0;78.0;0.0;0.0;242.0;0.0;0.0;0.0;0.0;0.0;1255700000.0;156445000.0;526615000.0;0.0;-156445000.0;883322000.0;84649000.0;5209000.0
CGRA4;PN;GRAZZIOTIN PN;Comércio;24.93;26/05/2026;18.22;27.59;170332.0;588770000.0;432325000.0;31/03/2026;23616900;56.0;696.0;358.0;67.0;3740.0;0.0;0.0;0.0;0.0;0.0;0.0;0.0;78.0;0.0;0.0;242.0;0.0;0.0;0.0;0.0;0.0;1255700000.0;156445000.0;526615000.0;0.0;-156445000.0;883322000.0;84649000.0;5209000.0
CLSC3;ON N2;CELESC ON N2;Energia Elétrica;129.99;26/05/2026;83.19;133.71;27953.0;5013970000.0;9785340000.0;31/03/2026;38572000;0.0;689.0;1886.0;121.0;10737.0;0.0;0.0;0.0;0.0;0.0;0.0;0.0;75.0;0.0;0.0;66.0;0.0;0.0;0.0;0.0;0.0;14467500000.0;286625000.0;4263640000.0;5057990000.0;4771360000.0;4141510000.0;727471000.0;250659000.0
CLSC4;PN N2;CELESC PN N2;Energia Elétrica;142.18;26/05/2026;89.53;155.46;388663.0;5484170000.0;10255500000.0;31/03/2026;38572000;-57.0;754.0;1886.0;132.0;10737.0;0.0;0.0;0.0;0.0;0.0;0.0;0.0;75.0;0.0;0.0;67.0;0.0;0.0;0.0;0.0;0.0;14467500000.0;286625000.0;4263640000.0;5057990000.0;4771360000.0;4141510000.0;727471000.0;250659000.0
CMIG3;ON N1;CEMIG ON N1;Energia Elétrica;16.17;26/05/2026;13.07;19.39;2723210.0;46275000000.0;64093000000.0;31/03/2026;2861780000;-86.0;957.0;169.0;160.0;1009.0;0.0;0.0;0.0;0.0;0.0;0.0;0.0;89.0;0.0;0.0;58.0;0.0;0.0;0.0;0.0;0.0;68174300000.0;1792520000.0;14417400000.0;19610500000.0;17818000000.0;28887600000.0;4837710000.0;978545000.0
CMIG4;PN N1;CEMIG PN N1;Energia Elétrica;11.2;26/05/2026;9.38;13.55;207772000.0;32052000000.0;49870000000.0;31/03/2026;2861780000;-62.0;663.0;169.0;111.0;1009.0;0.0;0.0;0.0;0.0;0.0;0.0;0.0;89.0;0.0;0.0;84.0;0.0;0.0;0.0;0.0;0.0;68174300000.0;1792520000.0;14417400000.0;19610500000.0;17818000000.0;28887600000.0;4837710000.0;978545000.0
CMIN3;ON N2;CSNMINERACAO ON N2;Mineração;4.51;26/05/2026;4.08;6.24;38183800.0;24498500000.0;24767200000.0;31/03/2026;5432040000;45.0;1099.0;41.0;346.0;130.0;0.0;0.0;0.0;0.0;0.0;0.0;0.0;150.0;0.0;0.0;242.0;0.0;0.0;0.0;0.0;0.0;34188500000.0;8861070000.0;12686700000.0;9129710000.0;268641000.0;7080300000.0;2229270000.0;222368000.0
COCE3;ON;CIA ENERG CEARA - COELCE ON;Energia Elétrica;33.32;14/05/2026;24.86;48.49;83.0;2875580000.0;9571330000.0;31/03/2026;86302000;0.0;569.0;585.0;51.0;6497.0;0.0;0.0;0.0;0.0;0.0;0.0;0.0;103.0;0.0;0.0;7.0;0.0;0.0;0.0;0.0;0.0;16659900000.0;191161000.0;3023920000.0;6886910000.0;6695750000.0;5606640000.0;505176000.0;145241000.0
COCE5;PNA;CIA ENERG CEARA - COELCE PNA;Energia Elétrica;33.37;26/05/2026;24.32;34.17;446661.0;2879900000.0;9575640000.0;31/03/2026;86302000;21.0;570.0;585.0;51.0;6497.0;0.0;0.0;0.0;0.0;0.0;0.0;0.0;103.0;0.0;0.0;44.0;0.0;0.0;0.0;0.0;0.0;16659900000.0;191161000.0;3023920000.0;6886910000.0;6695750000.0;5606640000.0;505176000.0;145241000.0
COGN3;ON;COGNA ON;Diversos;2.54;26/05/2026;2.25;4.57;84927500.0;5243240000.0;10574300000.0;31/03/2026;2064270000;-78.0;780.0;33.0;39.0;659.0;0.0;0.0;0.0;0.0;0.0;0.0;0.0;90.0;0.0;0.0;47.0;0.0;0.0;0.0;0.0;0.0;24296900000.0;1205330000.0;4981660000.0;6536420000.0;5331090000.0;13601200000.0;671857000.0;141447000.0
CPFE3;ON;CPFL ENERGIA S.A. ON;Energia Elétrica;43.59;26/05/2026;34.48;52.32;108873000.0;50226800000.0;76189000000.0;31/03/2026;1152250000;67.0;872.0;500.0;207.0;2109.0;0.0;0.0;0.0;0.0;0.0;0.0;0.0;136.0;0.0;0.0;86.0;0.0;0.0;0.0;0.0;0.0;83990600000.0;5751930000.0;19687100000.0;31714100000.0;25962200000.0;24297600000.0;5763250000.0;1830240000.0
CPLE3;ON;COPEL ON;Energia Elétrica;14.78;26/05/2026;10.02;16.72;389194000.0;44085900000.0;62225300000.0;31/03/2026;2982810000;-61.0;1624.0;91.0;185.0;799.0;0.0;0.0;0.0;0.0;0.0;0.0;0.0;78.0;0.0;0.0;72.0;0.0;0.0;0.0;0.0;0.0;62926700000.0;5175930000.0;13098900000.0;23315300000.0;18139300000.0;23832400000.0;2715140000.0;692039000.0
CPLE5;PNA;COPEL PNA;Energia Elétrica;13.58;19/12/2025;11.2;15.38;0.0;40506600000.0;58645900000.0;31/03/2026;2982810000;0.0;1492.0;91.0;170.0;799.0;0.0;0.0;0.0;0.0;0.0;0.0;0.0;78.0;0.0;0.0;0.0;0.0;0.0;0.0;0.0;0.0;62926700000.0;5175930000.0;13098900000.0;23315300000.0;18139300000.0;23832400000.0;2715140000.0;692039000.0
CRPG3;ON;CRISTAL ON;Químicos;18.0;25/05/2026;15.0;21.5;305.0;522342000.0;486672000.0;31/03/2026;29019000;0.0;-649.0;-277.0;95.0;1896.0;0.0;0.0;0.0;0.0;0.0;0.0;0.0;-95.0;0.0;0.0;0.0;0.0;0.0;0.0;0.0;0.0;944267000.0;39844000.0;608871000.0;4174000.0;-35670000.0;550076000.0;-80437000.0;-19991000.0
CRPG5;PNA;CRISTAL PNA;Químicos;16.1;26/05/2026;11.71;24.67;56931.0;467206000.0;431536000.0;31/03/2026;29019000;81.0;-581.0;-277.0;85.0;1896.0;0.0;0.0;0.0;0.0;0.0;0.0;0.0;-95.0;0.0;0.0;0.0;0.0;0.0;0.0;0.0;0.0;944267000.0;39844000.0;608871000.0;4174000.0;-35670000.0;550076000.0;-80437000.0;-19991000.0
CRPG6;PNB;CRISTAL PNB;Químicos;16.81;20/05/2026;10.99;23.89;3656.0;487809000.0;452139000.0;31/03/2026;29019000;0.0;-606.0;-277.0;89.0;1896.0;0.0;0.0;0.0;0.0;0.0;0.0;0.0;-95.0;0.0;0.0;0.0;0.0;0.0;0.0;0.0;0.0;944267000.0;39844000.0;608871000.0;4174000.0;-35670000.0;550076000.0;-80437000.0;-19991000.0
CSAN3;ON;COSAN SA INDUSTRIA E COMERCIO ON;Petróleo, Gás e Biocombustíveis;4.28;26/05/2026;4.13;8.54;154867000.0;16976900000.0;64389600000.0;31/03/2026;3966570000;-251.0;-178.0;-240.0;486.0;88.0;0.0;0.0;0.0;0.0;0.0;0.0;0.0;71.0;0.0;0.0;0.0;0.0;0.0;0.0;0.0;0.0;126989000000.0;17464000000.0;31905100000.0;64876600000.0;47412600000.0;3493750000.0;-9517580000.0;-1583350000.0
CSED3;ON NM;CRUZEIRO EDU ON NM;Diversos;4.08;26/05/2026;3.94;6.96;3752910.0;1487330000.0;1947460000.0;31/03/2026;364543000;-423.0;547.0;75.0;90.0;453.0;0.0;0.0;0.0;0.0;0.0;0.0;0.0;111.0;0.0;0.0;119.0;0.0;0.0;0.0;0.0;0.0;4860500000.0;930828000.0;1244640000.0;1390960000.0;460129000.0;1652140000.0;271939000.0;61484000.0
CSMG3;ON;COPASA MG ON;Água e Saneamento;53.26;26/05/2026;22.37;60.35;235645000.0;20252300000.0;27114700000.0;31/03/2026;380253000;49.0;1494.0;356.0;231.0;2306.0;0.0;0.0;0.0;0.0;0.0;0.0;0.0;100.0;0.0;0.0;42.0;0.0;0.0;0.0;0.0;0.0;21493600000.0;2509970000.0;4270560000.0;9372390000.0;6862420000.0;8768800000.0;1355340000.0;368104000.0
CSNA3;ON;CSN ON;Siderurgia e Metalurgia;6.69;26/05/2026;5.72;10.89;68205400.0;8871570000.0;45867200000.0;31/03/2026;1326090000;-45.0;-444.0;-151.0;69.0;969.0;0.0;0.0;0.0;0.0;0.0;0.0;0.0;64.0;0.0;0.0;0.0;0.0;0.0;0.0;0.0;0.0;99128300000.0;13439500000.0;29391900000.0;50435100000.0;36995600000.0;12849800000.0;-1998760000.0;-615531000.0
CSUD3;ON;CSU DIGITAL ON;Serviços Diversos;17.56;26/05/2026;15.37;19.41;2176620.0;734008000.0;787385000.0;31/03/2026;41800000;121.0;721.0;243.0;154.0;1144.0;0.0;0.0;0.0;0.0;0.0;0.0;0.0;125.0;0.0;0.0;134.0;0.0;0.0;0.0;0.0;0.0;828958000.0;95310000.0;275408000.0;148687000.0;53377000.0;478135000.0;101751000.0;20134000.0
CTAX3;ON;CONTAX ON;Serviços Diversos;0.56;26/05/2026;0.56;1.32;6412.0;14957600.0;180220000.0;31/03/2026;26710000;-175.0;-88.0;-63.0;17.0;338.0;0.0;0.0;0.0;0.0;0.0;0.0;0.0;17.0;0.0;0.0;0.0;0.0;0.0;0.0;0.0;0.0;1128430000.0;25032000.0;164031000.0;190294000.0;165262000.0;90400000.0;-16952000.0;-24504000.0
CTKA3;ON;KARSTEN ON;Tecidos, Vestuário e Calçados;46.39;21/05/2026;33.0;50.0;349.0;287850000.0;630160000.0;31/03/2026;6205000;0.0;468.0;992.0;359.0;1291.0;0.0;0.0;0.0;0.0;0.0;0.0;0.0;100.0;0.0;0.0;0.0;0.0;0.0;0.0;0.0;0.0;736778000.0;61217000.0;488291000.0;403527000.0;342310000.0;80083000.0;61528000.0;4075000.0
CTKA4;PN;KARSTEN PN;Tecidos, Vestuário e Calçados;34.06;26/05/2026;31.0;49.8;48143.0;211342000.0;553652000.0;31/03/2026;6205000;-338.0;343.0;992.0;264.0;1291.0;0.0;0.0;0.0;0.0;0.0;0.0;0.0;100.0;0.0;0.0;0.0;0.0;0.0;0.0;0.0;0.0;736778000.0;61217000.0;488291000.0;403527000.0;342310000.0;80083000.0;61528000.0;4075000.0
CTSA3;ON;SANTANENSE ON;Tecidos, Vestuário e Calçados;2.0;18/05/2026;2.0;4.29;245.0;13912000.0;249753000.0;31/12/2024;6956000;0.0;-9.0;-2320.0;14.0;1425.0;0.0;0.0;0.0;0.0;0.0;0.0;0.0;-112.0;0.0;0.0;0.0;0.0;0.0;0.0;0.0;0.0;673131000.0;3363000.0;114526000.0;239204000.0;235841000.0;99103000.0;-161364000.0;-49433000.0
CTSA4;PN;SANTANENSE PN;Tecidos, Vestuário e Calçados;1.29;15/05/2026;1.07;2.8;752.0;8973240.0;244814000.0;31/12/2024;6956000;0.0;-6.0;-2320.0;9.0;1425.0;0.0;0.0;0.0;0.0;0.0;0.0;0.0;-112.0;0.0;0.0;0.0;0.0;0.0;0.0;0.0;0.0;673131000.0;3363000.0;114526000.0;239204000.0;235841000.0;99103000.0;-161364000.0;-49433000.0
CURY3;ON NM;CURY S/A ON NM;Construção Civil;32.08;26/05/2026;24.88;40.95;148983000.0;9882170000.0;9475270000.0;31/03/2026;308048000;63.0;928.0;346.0;640.0;501.0;0.0;0.0;0.0;0.0;0.0;0.0;0.0;249.0;0.0;0.0;131.0;0.0;0.0;0.0;0.0;0.0;6195490000.0;1757310000.0;3691840000.0;1350420000.0;-406894000.0;1544570000.0;1064930000.0;302867000.0
CVCB3;ON NM;CVC BRASIL ON NM;Viagens e Lazer;1.72;26/05/2026;1.67;2.72;33762600.0;904017000.0;1137270000.0;31/03/2026;525591000;-337.0;-854.0;-20.0;225.0;76.0;0.0;0.0;0.0;0.0;0.0;0.0;0.0;43.0;0.0;0.0;0.0;0.0;0.0;0.0;0.0;0.0;3724250000.0;182590000.0;2044750000.0;415840000.0;233250000.0;401731000.0;-105822000.0;-72321000.0
CXSE3;ON NM;CAIXA SEGURI ON NM;Previdência e Seguros;17.62;26/05/2026;12.47;19.43;81345400.0;52860000000.0;51760500000.0;31/03/2026;3000000000;0.0;1204.0;146.0;384.0;459.0;0.0;0.0;0.0;0.0;0.0;0.0;0.0;-11.0;0.0;0.0;74.0;0.0;0.0;0.0;0.0;0.0;14925300000.0;1109470000.0;2119840000.0;10022000.0;-1099450000.0;13772000000.0;4391420000.0;1150280000.0
CYRE3;PN;CYRELA BRAZIL REALTY PN;Construção Civil;22.28;26/05/2026;18.76;32.0;174774000.0;10177500000.0;15101600000.0;31/03/2026;456800000;-172.0;515.0;433.0;96.0;2325.0;0.0;0.0;0.0;0.0;0.0;0.0;0.0;58.0;0.0;0.0;103.0;0.0;0.0;0.0;0.0;0.0;26714100000.0;3869720000.0;15143600000.0;8793840000.0;4924120000.0;10621000000.0;1975900000.0;296776000.0
CYRE4;PN;CYRELA BRAZIL REALTY PN;Construção Civil;20.58;26/05/2026;19.45;30.9;15868400.0;9400940000.0;14325100000.0;31/03/2026;456800000;-209.0;476.0;433.0;89.0;2325.0;0.0;0.0;0.0;0.0;0.0;0.0;0.0;58.0;0.0;0.0;0.0;0.0;0.0;0.0;0.0;0.0;26714100000.0;3869720000.0;15143600000.0;8793840000.0;4924120000.0;10621000000.0;1975900000.0;296776000.0
DASA3;ON;DIAGNOSTICOS DA AMERICA SA ON;Serv.Méd.Hospit. Análises e Diagnósticos;3.14;26/05/2026;1.2;4.6;6216580.0;3940720000.0;9178570000.0;31/03/2026;1255010000;-977.0;-379.0;-83.0;57.0;547.0;0.0;0.0;0.0;0.0;0.0;0.0;0.0;56.0;0.0;0.0;0.0;0.0;0.0;0.0;0.0;0.0;17814500000.0;1705010000.0;5023040000.0;6942870000.0;5237850000.0;6866410000.0;-1039640000.0;-1919000.0
DESK3;ON NM;DESKTOPSIGMA ON NM;Telecomunicações;17.73;26/05/2026;7.65;18.55;10878300.0;2060530000.0;3262730000.0;31/03/2026;116217000;97.0;3345.0;53.0;145.0;1223.0;0.0;0.0;0.0;0.0;0.0;0.0;0.0;97.0;0.0;0.0;8.0;0.0;0.0;0.0;0.0;0.0;3866730000.0;457365000.0;738415000.0;1659560000.0;1202200000.0;1420900000.0;61597000.0;9635000.0
DEXP3;ON;DEXXOS PAR ON;Químicos;7.15;26/05/2026;6.45;8.03;1002470.0;879264000.0;782536000.0;31/03/2026;122974000;-138.0;617.0;116.0;84.0;855.0;0.0;0.0;0.0;0.0;0.0;0.0;0.0;71.0;0.0;0.0;69.0;0.0;0.0;0.0;0.0;0.0;1616780000.0;360555000.0;1026490000.0;263827000.0;-96728000.0;1051980000.0;142400000.0;51348000.0
DEXP4;PN;DEXXOS PAR PN;Químicos;7.11;26/05/2026;6.39;8.3;21802.0;874345000.0;777617000.0;31/03/2026;122974000;-125.0;614.0;116.0;83.0;855.0;0.0;0.0;0.0;0.0;0.0;0.0;0.0;71.0;0.0;0.0;72.0;0.0;0.0;0.0;0.0;0.0;1616780000.0;360555000.0;1026490000.0;263827000.0;-96728000.0;1051980000.0;142400000.0;51348000.0
DIRR3;ON NM;Direcional Engenharia ON NM;Construção Civil;13.4;26/05/2026;11.36;16.95;104834000.0;6974700000.0;7717290000.0;31/03/2026;520500000;-118.0;832.0;161.0;328.0;409.0;0.0;0.0;0.0;0.0;0.0;0.0;0.0;82.0;0.0;0.0;165.0;0.0;0.0;0.0;0.0;0.0;13916900000.0;2420760000.0;6667190000.0;3163360000.0;742594000.0;2129550000.0;837986000.0;213160000.0
DMVF3;ON NM;D1000VFARMA ON NM;Comércio e Distribuição;5.88;26/05/2026;4.32;7.5;636757.0;297546000.0;349781000.0;31/03/2026;50603000;-84.0;1242.0;47.0;32.0;1820.0;0.0;0.0;0.0;0.0;0.0;0.0;0.0;40.0;0.0;0.0;0.0;0.0;0.0;0.0;0.0;0.0;1978740000.0;22993000.0;618418000.0;75228000.0;52235000.0;920792000.0;23949000.0;1515000.0
DOHL4;PN;DOHLER PN;Tecidos, Vestuário e Calçados;3.79;26/05/2026;3.4;4.31;12831.0;286695000.0;332207000.0;31/03/2026;75645000;0.0;99894.0;0.0;42.0;912.0;0.0;0.0;0.0;0.0;0.0;0.0;0.0;-34.0;0.0;0.0;12.0;0.0;0.0;0.0;0.0;0.0;1031690000.0;132871000.0;603514000.0;178383000.0;45512000.0;689527000.0;287000.0;-8708000.0
DOTZ3;ON NM;DOTZ SA ON NM;Diversos;3.84;26/05/2026;2.66;9.14;84793.0;51156400.0;112562000.0;31/03/2026;13322000;0.0;697.0;55.0;-21.0;-1802.0;0.0;0.0;0.0;0.0;0.0;0.0;0.0;192.0;0.0;0.0;0.0;0.0;0.0;0.0;0.0;0.0;335018000.0;48188000.0;229096000.0;109594000.0;61406000.0;-240022000.0;7344000.0;6868000.0
DTCY3;ON;DTCOM ON;Serviços Diversos;2.5;08/05/2026;2.5;4.0;190.0;27827500.0;24119500.0;31/03/2026;11131000;0.0;-4268.0;-6.0;5726.0;4.0;0.0;0.0;0.0;0.0;0.0;0.0;0.0;-101.0;0.0;0.0;0.0;0.0;0.0;0.0;0.0;0.0;5778000.0;3708000.0;4702000.0;0.0;-3708000.0;486000.0;-652000.0;-465000.0
DXCO3;ON;DEXCO ON;Madeira e Papel;4.93;26/05/2026;4.44;6.09;14906400.0;4530840000.0;9362950000.0;31/03/2026;919034000;41.0;52770.0;1.0;66.0;752.0;0.0;0.0;0.0;0.0;0.0;0.0;0.0;31.0;0.0;0.0;0.0;0.0;0.0;0.0;0.0;0.0;19675400000.0;3131230000.0;6734540000.0;7963340000.0;4832110000.0;6915040000.0;8586000.0;53346000.0
EALT3;ON;ELECTRO AÇO ALTONA S/A ON;Máquinas e Equipamentos;13.5;25/05/2026;11.43;14.83;8911.0;303750000.0;382201000.0;31/03/2026;22500000;0.0;520.0;260.0;83.0;1622.0;0.0;0.0;0.0;0.0;0.0;0.0;0.0;28.0;0.0;0.0;32.0;0.0;0.0;0.0;0.0;0.0;647017000.0;20680000.0;247890000.0;99131000.0;78451000.0;364861000.0;58449000.0;9013000.0
EALT4;PN;ELECTRO AÇO ALTONA S/A PN;Máquinas e Equipamentos;12.61;26/05/2026;9.84;14.53;189374.0;283725000.0;362176000.0;31/03/2026;22500000;-148.0;485.0;260.0;78.0;1622.0;0.0;0.0;0.0;0.0;0.0;0.0;0.0;28.0;0.0;0.0;38.0;0.0;0.0;0.0;0.0;0.0;647017000.0;20680000.0;247890000.0;99131000.0;78451000.0;364861000.0;58449000.0;9013000.0
ECOR3;ON NM;ECORODOVIAS ON NM;Transporte;7.71;26/05/2026;6.07;11.74;61009300.0;5368740000.0;27825500000.0;31/03/2026;696334000;-350.0;736.0;105.0;131.0;588.0;0.0;0.0;0.0;0.0;0.0;0.0;0.0;105.0;0.0;0.0;79.0;0.0;0.0;0.0;0.0;0.0;37541900000.0;4612080000.0;5740910000.0;27068800000.0;22456700000.0;4092730000.0;729107000.0;-10090000.0
EGIE3;ON;	ENGIE BRASIL ON;Energia Elétrica;32.25;26/05/2026;26.95;37.88;80426700.0;36839100000.0;61555400000.0;31/03/2026;1142300000;-101.0;1436.0;225.0;271.0;1191.0;0.0;0.0;0.0;0.0;0.0;0.0;0.0;97.0;0.0;0.0;37.0;0.0;0.0;0.0;0.0;0.0;58695300000.0;6465380000.0;9983640000.0;31181600000.0;24716300000.0;13601000000.0;2565620000.0;751482000.0
EKTR3;ON;ELEKTRO ELETRICIDADE E SERVIÇOS S.A. ON;Energia Elétrica;51.52;13/04/2026;31.55;51.52;901.0;9982460000.0;17902500000.0;31/03/2026;193759000;0.0;1115.0;462.0;439.0;1174.0;0.0;0.0;0.0;0.0;0.0;0.0;0.0;158.0;0.0;0.0;92.0;0.0;0.0;0.0;0.0;0.0;14666000000.0;1599000000.0;4867000000.0;9519000000.0;7920000000.0;2275000000.0;895000000.0;226000000.0
EKTR4;PN;ELEKTRO ELETRICIDADE E SERVIÇOS S.A. PN;Energia Elétrica;37.8;26/05/2026;35.4;50.59;30834.0;7324090000.0;15244100000.0;31/03/2026;193759000;-182.0;818.0;462.0;322.0;1174.0;0.0;0.0;0.0;0.0;0.0;0.0;0.0;158.0;0.0;0.0;137.0;0.0;0.0;0.0;0.0;0.0;14666000000.0;1599000000.0;4867000000.0;9519000000.0;7920000000.0;2275000000.0;895000000.0;226000000.0
EMAE4;PN;EMAE PN;Energia Elétrica;39.62;26/05/2026;27.35;49.47;498926.0;1463840000.0;1083930000.0;31/12/2025;36947000;-85.0;-1098.0;-361.0;246.0;1610.0;0.0;0.0;0.0;0.0;0.0;0.0;0.0;-45.0;0.0;0.0;0.0;0.0;0.0;0.0;0.0;0.0;1769990000.0;379911000.0;495293000.0;0.0;-379911000.0;594822000.0;-133356000.0;-486873000.0
EMBJ3;ON NM;EMBRAER ON NM;Material de Transporte;72.38;26/05/2026;64.05;103.96;440787000.0;53594900000.0;56597900000.0;31/03/2026;740465000;-123.0;3164.0;229.0;312.0;2321.0;0.0;0.0;0.0;0.0;0.0;0.0;0.0;67.0;0.0;0.0;10.0;0.0;0.0;0.0;0.0;0.0;67636300000.0;11037800000.0;37498900000.0;14040800000.0;3003090000.0;17188500000.0;1693770000.0;174842000.0
ENEV3;ON;ENEVA ON;Energia Elétrica;25.06;26/05/2026;13.16;27.59;303985000.0;48542000000.0;67008700000.0;31/03/2026;1937030000;-63.0;3746.0;67.0;238.0;1052.0;0.0;0.0;0.0;0.0;0.0;0.0;0.0;55.0;0.0;0.0;0.0;0.0;0.0;0.0;0.0;0.0;58669800000.0;3502260000.0;10265500000.0;21969000000.0;18466700000.0;20378000000.0;1295930000.0;522739000.0
ENGI11;UNT N2;ENERGISA UNT N2;Energia Elétrica;48.47;26/05/2026;39.31;58.15;153748000.0;24413000000.0;58205200000.0;31/03/2026;2518370000;-98.0;1282.0;378.0;124.0;3902.0;0.0;0.0;0.0;0.0;0.0;0.0;0.0;80.0;0.0;0.0;32.0;0.0;0.0;0.0;0.0;0.0;86720900000.0;11796100000.0;22884200000.0;45588200000.0;33792200000.0;19654200000.0;1904330000.0;465627000.0
ENGI3;ON;ENERGISA ON;Energia Elétrica;12.04;26/05/2026;9.57;13.8;71730.0;30321100000.0;64113300000.0;31/03/2026;2518370000;-8.0;1592.0;76.0;154.0;780.0;0.0;0.0;0.0;0.0;0.0;0.0;0.0;80.0;0.0;0.0;26.0;0.0;0.0;0.0;0.0;0.0;86720900000.0;11796100000.0;22884200000.0;45588200000.0;33792200000.0;19654200000.0;1904330000.0;465627000.0
ENGI4;PN;ENERGISA PN;Energia Elétrica;9.17;26/05/2026;7.27;11.22;106363.0;23093400000.0;56885600000.0;31/03/2026;2518370000;0.0;1213.0;76.0;117.0;780.0;0.0;0.0;0.0;0.0;0.0;0.0;0.0;80.0;0.0;0.0;34.0;0.0;0.0;0.0;0.0;0.0;86720900000.0;11796100000.0;22884200000.0;45588200000.0;33792200000.0;19654200000.0;1904330000.0;465627000.0
ENJU3;ON NM;ENJOEI ON NM;Programas e Serviços;1.06;26/05/2026;0.87;1.36;547560.0;217319000.0;8918060.0;31/03/2026;205018000;0.0;-1236.0;-9.0;73.0;145.0;0.0;0.0;0.0;0.0;0.0;0.0;0.0;-70.0;0.0;0.0;0.0;0.0;0.0;0.0;0.0;0.0;451041000.0;208401000.0;334865000.0;0.0;-208401000.0;296945000.0;-17585000.0;-7518000.0
ENMT3;ON;ENERGISA MT ON;Energia Elétrica;40.05;26/05/2026;40.0;71.47;25897.0;8768630000.0;16554900000.0;31/03/2026;218942000;-460.0;1201.0;334.0;224.0;1786.0;0.0;0.0;0.0;0.0;0.0;0.0;0.0;109.0;0.0;0.0;87.0;0.0;0.0;0.0;0.0;0.0;16868100000.0;1711390000.0;4631970000.0;9497650000.0;7786270000.0;3909730000.0;730370000.0;143160000.0
ENMT4;ON;ENERGISA MT ON;Energia Elétrica;42.7;26/05/2026;42.02;71.29;12722.0;9348820000.0;17135100000.0;31/03/2026;218942000;-541.0;1280.0;334.0;239.0;1786.0;0.0;0.0;0.0;0.0;0.0;0.0;0.0;109.0;0.0;0.0;82.0;0.0;0.0;0.0;0.0;0.0;16868100000.0;1711390000.0;4631970000.0;9497650000.0;7786270000.0;3909730000.0;730370000.0;143160000.0
EPAR3;ON;EMBPAR S/A ON;Comércio;2.01;26/05/2026;2.01;5.05;33406.0;29870600.0;21560600.0;31/03/2026;14861000;-99.0;6565.0;3.0;71.0;283.0;0.0;0.0;0.0;0.0;0.0;0.0;0.0;-54.0;0.0;0.0;0.0;0.0;0.0;0.0;0.0;0.0;56066000.0;8310000.0;10030000.0;0.0;-8310000.0;42100000.0;455000.0;2676000.0
EQMA3B;ON MB;CEMAR ON MB;Energia Elétrica;29.6;26/05/2026;24.36;34.58;10736.0;4859840000.0;8442440000.0;31/03/2026;164184000;-449.0;551.0;537.0;104.0;2855.0;0.0;0.0;0.0;0.0;0.0;0.0;0.0;144.0;0.0;0.0;28.0;0.0;0.0;0.0;0.0;0.0;11583900000.0;740046000.0;2728790000.0;4322640000.0;3582600000.0;4686790000.0;881804000.0;272311000.0
EQPA3;ON;EQTL PARA ON;Energia Elétrica;6.06;26/05/2026;5.35;7.21;76679.0;13387000000.0;19252300000.0;31/03/2026;2209070000;-66.0;867.0;70.0;241.0;252.0;0.0;0.0;0.0;0.0;0.0;0.0;0.0;143.0;0.0;0.0;22.0;0.0;0.0;0.0;0.0;0.0;19828500000.0;3078030000.0;6637410000.0;8943350000.0;5865320000.0;5563580000.0;1543920000.0;384415000.0
EQPA5;PNA;EQTL PARA PNA;Energia Elétrica;16.4;19/05/2026;5.27;16.85;1393.0;36228800000.0;42094100000.0;31/03/2026;2209070000;0.0;2347.0;70.0;651.0;252.0;0.0;0.0;0.0;0.0;0.0;0.0;0.0;143.0;0.0;0.0;8.0;0.0;0.0;0.0;0.0;0.0;19828500000.0;3078030000.0;6637410000.0;8943350000.0;5865320000.0;5563580000.0;1543920000.0;384415000.0
EQPA7;PNC;EQTL PARA PNC;Energia Elétrica;10.0;23/01/2026;5.51;10.0;0.0;22090700000.0;27956100000.0;31/03/2026;2209070000;0.0;1431.0;70.0;397.0;252.0;0.0;0.0;0.0;0.0;0.0;0.0;0.0;143.0;0.0;0.0;13.0;0.0;0.0;0.0;0.0;0.0;19828500000.0;3078030000.0;6637410000.0;8943350000.0;5865320000.0;5563580000.0;1543920000.0;384415000.0
EQTL3;ON NM;EQUATORIAL ENERGIA S.A. ON NM;Energia Elétrica;38.6;26/05/2026;32.34;45.35;342801000.0;48606500000.0;94554400000.0;31/03/2026;1259240000;26.0;3143.0;123.0;189.0;2040.0;0.0;0.0;0.0;0.0;0.0;0.0;0.0;88.0;0.0;0.0;41.0;0.0;0.0;0.0;0.0;0.0;111792000000.0;10893500000.0;27293700000.0;56841400000.0;45947900000.0;25686500000.0;1546650000.0;424465000.0
ESPA3;ON NM;ESPACOLASER ON NM;Comércio;0.82;26/05/2026;0.79;1.3;1129920.0;296367000.0;922359000.0;31/03/2026;361423000;0.0;1860.0;4.0;34.0;241.0;0.0;0.0;0.0;0.0;0.0;0.0;0.0;76.0;0.0;0.0;47.0;0.0;0.0;0.0;0.0;0.0;2235380000.0;172031000.0;1045770000.0;798023000.0;625992000.0;869363000.0;15930000.0;12511000.0
ESTR3;ON;ESTRELA ON;Viagens e Lazer;3.01;23/03/2026;3.01;5.1;0.0;24332800.0;163853000.0;30/09/2025;8084000;0.0;13.0;2380.0;-12.0;-2455.0;0.0;0.0;0.0;0.0;0.0;0.0;0.0;-35.0;0.0;0.0;0.0;0.0;0.0;0.0;0.0;0.0;390000000.0;557000.0;163772000.0;140077000.0;139520000.0;-198430000.0;192370000.0;209025000.0
ESTR4;PN;ESTRELA PN;Viagens e Lazer;3.83;25/05/2026;3.0;6.49;1683.0;30961700.0;170482000.0;30/09/2025;8084000;0.0;16.0;2380.0;-16.0;-2455.0;0.0;0.0;0.0;0.0;0.0;0.0;0.0;-35.0;0.0;0.0;0.0;0.0;0.0;0.0;0.0;0.0;390000000.0;557000.0;163772000.0;140077000.0;139520000.0;-198430000.0;192370000.0;209025000.0
ETER3;ON;ETERNIT ON;Construção e Engenharia;3.58;26/05/2026;3.47;4.7;650553.0;221162000.0;345870000.0;31/03/2026;61777000;-138.0;466.0;77.0;27.0;1345.0;0.0;0.0;0.0;0.0;0.0;0.0;0.0;13.0;0.0;0.0;48.0;0.0;0.0;0.0;0.0;0.0;1395340000.0;38686000.0;533519000.0;163394000.0;124708000.0;830698000.0;47476000.0;-12256000.0
EUCA3;ON;EUCATEX ON;Madeira e Papel;26.5;26/05/2026;16.93;26.5;21112.0;2454400000.0;2980220000.0;31/03/2026;92619000;115.0;599.0;442.0;83.0;3180.0;0.0;0.0;0.0;0.0;0.0;0.0;0.0;107.0;0.0;0.0;39.0;0.0;0.0;0.0;0.0;0.0;5122950000.0;527914000.0;2033300000.0;1053730000.0;525814000.0;2944820000.0;409566000.0;186416000.0
EUCA4;PN;EUCATEX PN;Madeira e Papel;27.66;26/05/2026;15.48;27.66;2091680.0;2561840000.0;3087660000.0;31/03/2026;92619000;188.0;626.0;442.0;87.0;3180.0;0.0;0.0;0.0;0.0;0.0;0.0;0.0;107.0;0.0;0.0;41.0;0.0;0.0;0.0;0.0;0.0;5122950000.0;527914000.0;2033300000.0;1053730000.0;525814000.0;2944820000.0;409566000.0;186416000.0
EVEN3;ON NM;Even ON NM;Construção Civil;6.01;26/05/2026;5.48;8.66;6441220.0;1202000000.0;1773370000.0;31/03/2026;200000000;67.0;556.0;108.0;62.0;964.0;0.0;0.0;0.0;0.0;0.0;0.0;0.0;53.0;0.0;0.0;127.0;0.0;0.0;0.0;0.0;0.0;5290860000.0;924040000.0;3882020000.0;1495410000.0;571367000.0;1927510000.0;216293000.0;32509000.0
EZTC3;ON NM;EZTec ON NM;Construção Civil;13.06;26/05/2026;9.46;16.37;28352400.0;3669860000.0;3663000000.0;31/03/2026;281000000;-173.0;655.0;200.0;71.0;1833.0;0.0;0.0;0.0;0.0;0.0;0.0;0.0;45.0;0.0;0.0;87.0;0.0;0.0;0.0;0.0;0.0;7339970000.0;1721230000.0;3351740000.0;1714370000.0;-6862980.0;5150250000.0;560612000.0;119699000.0
FESA3;ON;FERBASA ON;Siderurgia e Metalurgia;12.14;25/05/2026;10.35;13.5;2706.0;4287540000.0;3648430000.0;31/03/2026;353175000;0.0;2652.0;46.0;131.0;929.0;0.0;0.0;0.0;0.0;0.0;0.0;0.0;33.0;0.0;0.0;55.0;0.0;0.0;0.0;0.0;0.0;4417890000.0;997935000.0;1758030000.0;358825000.0;-639110000.0;3281840000.0;161674000.0;-2521000.0
FESA4;PN;FERBASA PN;Siderurgia e Metalurgia;6.21;26/05/2026;5.6;8.69;6080410.0;2193220000.0;1554110000.0;31/03/2026;353175000;81.0;1357.0;46.0;67.0;929.0;0.0;0.0;0.0;0.0;0.0;0.0;0.0;33.0;0.0;0.0;117.0;0.0;0.0;0.0;0.0;0.0;4417890000.0;997935000.0;1758030000.0;358825000.0;-639110000.0;3281840000.0;161674000.0;-2521000.0
FHER3;ON NM;Fer Heringer ON NM;Químicos;4.05;26/05/2026;3.71;5.5;18948.0;218121000.0;117826000.0;31/03/2026;53857000;150.0;-100.0;-403.0;-17.0;-2423.0;0.0;0.0;0.0;0.0;0.0;0.0;0.0;-158.0;0.0;0.0;0.0;0.0;0.0;0.0;0.0;0.0;1826010000.0;149300000.0;958098000.0;49005000.0;-100295000.0;-1304840000.0;-217194000.0;14625000.0
FICT3;ON;FICTORALIMEN ON;Alimentos Processados;0.21;26/05/2026;0.18;3.9;16705.0;9211020.0;-33193000.0;30/09/2025;43862000;0.0;-36.0;-58.0;16.0;135.0;0.0;0.0;0.0;0.0;0.0;0.0;0.0;-95.0;0.0;0.0;0.0;0.0;0.0;0.0;0.0;0.0;90012000.0;52721000.0;80830000.0;10317000.0;-42404000.0;59287000.0;-25639000.0;-2292000.0
FIEI3;ON;FICA ON;Construção Civil;12.6;13/02/2026;10.95;24.5;0.0;30517200.0;49198200.0;31/12/2025;2422000;0.0;-369.0;-341.0;43.0;2939.0;0.0;0.0;0.0;0.0;0.0;0.0;0.0;-40.0;0.0;0.0;0.0;0.0;0.0;0.0;0.0;0.0;110251000.0;4413000.0;6341000.0;23094000.0;18681000.0;71172000.0;-8268000.0;-1506000.0
FIQE3;ON NM;UNIFIQUE ON NM;Telecomunicações;6.51;26/05/2026;2.78;7.69;6493560.0;2598050000.0;2917450000.0;31/03/2026;399087000;-31.0;1165.0;56.0;222.0;293.0;0.0;0.0;0.0;0.0;0.0;0.0;0.0;111.0;0.0;0.0;109.0;0.0;0.0;0.0;0.0;0.0;3033950000.0;705375000.0;961164000.0;1024770000.0;319396000.0;1168800000.0;222931000.0;50887000.0
FLRY3;ON NM;FLEURY ON NM;Serv.Méd.Hospit. Análises e Diagnósticos;16.05;26/05/2026;11.72;17.95;38543300.0;8782410000.0;11989200000.0;31/03/2026;547191000;82.0;1384.0;116.0;169.0;947.0;0.0;0.0;0.0;0.0;0.0;0.0;0.0;96.0;0.0;0.0;67.0;0.0;0.0;0.0;0.0;0.0;13325700000.0;2150200000.0;4650340000.0;5357030000.0;3206830000.0;5182610000.0;634757000.0;201212000.0
FRAS3;ON;FRAS-LE S.A. ON;Material de Transporte;22.17;26/05/2026;20.85;27.08;5783030.0;6215030000.0;7658870000.0;31/03/2026;280335000;-147.0;2454.0;90.0;258.0;858.0;0.0;0.0;0.0;0.0;0.0;0.0;0.0;103.0;0.0;0.0;31.0;0.0;0.0;0.0;0.0;0.0;6974020000.0;1229200000.0;3354180000.0;2673050000.0;1443850000.0;2406440000.0;253284000.0;44112000.0
FRIO3;ON NM;Metalfrio ON NM;Máquinas e Equipamentos;210.0;26/05/2026;167.98;280.0;9800.0;1340220000.0;2059890000.0;31/03/2026;6382000;244.0;2269.0;925.0;343.0;6126.0;0.0;0.0;0.0;0.0;0.0;0.0;0.0;80.0;0.0;0.0;0.0;0.0;0.0;0.0;0.0;0.0;1993070000.0;104384000.0;1363460000.0;824053000.0;719669000.0;390960000.0;59058000.0;17666000.0
GEPA3;ON;DUKE ENERGY INT,GERAÇÃO PARANAPANEMA SA ON;Energia Elétrica;35.22;25/05/2026;27.17;37.99;4743.0;3325930000.0;4370730000.0;31/03/2026;94433000;0.0;18867.0;19.0;245.0;1435.0;0.0;0.0;0.0;0.0;0.0;0.0;0.0;14.0;0.0;0.0;182.0;0.0;0.0;0.0;0.0;0.0;4118550000.0;258266000.0;522753000.0;1303070000.0;1044800000.0;1355540000.0;17628000.0;114768000.0
GEPA4;PN;DUKE ENERGY INT,GERAÇÃO PARANAPANEMA SA PN;Energia Elétrica;36.5;26/05/2026;28.45;42.23;21047.0;3446800000.0;4491600000.0;31/03/2026;94433000;-467.0;19553.0;19.0;254.0;1435.0;0.0;0.0;0.0;0.0;0.0;0.0;0.0;14.0;0.0;0.0;175.0;0.0;0.0;0.0;0.0;0.0;4118550000.0;258266000.0;522753000.0;1303070000.0;1044800000.0;1355540000.0;17628000.0;114768000.0
GFSA3;ON;GAFISA ON;Construção Civil;1.16;26/05/2026;1.11;25.65;1707590.0;28438600.0;1473650000.0;31/03/2026;24516000;0.0;-5.0;-2494.0;2.0;6254.0;0.0;0.0;0.0;0.0;0.0;0.0;0.0;-58.0;0.0;0.0;0.0;0.0;0.0;0.0;0.0;0.0;4728600000.0;177156000.0;2527780000.0;1622360000.0;1445210000.0;1533210000.0;-611320000.0;-45639000.0
GGBR3;ON N1;GERDAU S.A. ON N1;Siderurgia e Metalurgia;20.05;26/05/2026;13.71;20.6;902000.0;39802400000.0;48046900000.0;31/03/2026;1985160000;-186.0;2428.0;83.0;75.0;2658.0;0.0;0.0;0.0;0.0;0.0;0.0;0.0;77.0;0.0;0.0;34.0;0.0;0.0;0.0;0.0;0.0;81047500000.0;5589840000.0;28573500000.0;13834400000.0;8244570000.0;52772500000.0;1639580000.0;1002050000.0
GGBR4;PN N1;GERDAU S.A. PN N1;Siderurgia e Metalurgia;23.61;26/05/2026;14.73;24.18;240471000.0;46869500000.0;55114100000.0;31/03/2026;1985160000;-236.0;2859.0;83.0;89.0;2658.0;0.0;0.0;0.0;0.0;0.0;0.0;0.0;77.0;0.0;0.0;29.0;0.0;0.0;0.0;0.0;0.0;81047500000.0;5589840000.0;28573500000.0;13834400000.0;8244570000.0;52772500000.0;1639580000.0;1002050000.0
GGPS3;ON NM;GPS ON NM;Serviços Diversos;12.63;26/05/2026;12.57;19.55;51626500.0;9502190000.0;11880000000.0;31/03/2026;752350000;-314.0;1438.0;88.0;231.0;548.0;0.0;0.0;0.0;0.0;0.0;0.0;0.0;86.0;0.0;0.0;23.0;0.0;0.0;0.0;0.0;0.0;15631400000.0;3766020000.0;8813060000.0;6143860000.0;2377840000.0;4122180000.0;660617000.0;122592000.0
GMAT3;ON NM;GRUPO MATEUS ON NM;Comércio e Distribuição;4.28;26/05/2026;4.1;8.08;45707500.0;9859800000.0;10595700000.0;31/03/2026;2303690000;-382.0;570.0;75.0;90.0;475.0;0.0;0.0;0.0;0.0;0.0;0.0;0.0;80.0;0.0;0.0;43.0;0.0;0.0;0.0;0.0;0.0;24737400000.0;1984240000.0;12952500000.0;2720120000.0;735883000.0;10935700000.0;1731290000.0;212881000.0
GOAU3;ON N1;METALÚRGICA GERDAU ON N1;Siderurgia e Metalurgia;9.46;26/05/2026;6.17;10.02;447125.0;12533600000.0;20751200000.0;31/03/2026;1324910000;-197.0;2179.0;43.0;66.0;1428.0;0.0;0.0;0.0;0.0;0.0;0.0;0.0;76.0;0.0;0.0;35.0;0.0;0.0;0.0;0.0;0.0;81113400000.0;5616880000.0;28638900000.0;13834400000.0;8217530000.0;18917700000.0;575182000.0;356454000.0
GOAU4;PN N1;METALÚRGICA GERDAU PN N1;Siderurgia e Metalurgia;10.2;26/05/2026;6.03;10.44;85105400.0;13514100000.0;21731600000.0;31/03/2026;1324910000;-173.0;2350.0;43.0;71.0;1428.0;0.0;0.0;0.0;0.0;0.0;0.0;0.0;76.0;0.0;0.0;33.0;0.0;0.0;0.0;0.0;0.0;81113400000.0;5616880000.0;28638900000.0;13834400000.0;8217530000.0;18917700000.0;575182000.0;356454000.0
GPAR3;ON;CELGPAR ON;Energia Elétrica;10.0;16/04/2026;10.0;24.98;75.0;796770000.0;796770000.0;31/03/2026;79677000;0.0;-12538.0;-8.0;0.0;0.0;0.0;0.0;0.0;0.0;0.0;0.0;0.0;0.0;0.0;0.0;152.0;0.0;0.0;0.0;0.0;0.0;0.0;0.0;0.0;0.0;0.0;0.0;-6355000.0;0.0
GRND3;ON;GRENDENE SA ON;Tecidos, Vestuário e Calçados;4.0;26/05/2026;3.49;4.95;17246000.0;3608640000.0;2958910000.0;31/03/2026;902160000;-50.0;570.0;70.0;114.0;352.0;0.0;0.0;0.0;0.0;0.0;0.0;0.0;60.0;0.0;0.0;384.0;0.0;0.0;0.0;0.0;0.0;4106730000.0;800418000.0;2302510000.0;150687000.0;-649731000.0;3173820000.0;633582000.0;102138000.0
GSHP3;ON NM;Generalshopp ON NM;Exploração de Imóveis;2.9;25/05/2026;2.68;5.5;735.0;5593430.0;2092340000.0;31/03/2026;1928770;0.0;-1.0;-19951.0;0.0;-93043.0;0.0;0.0;0.0;0.0;0.0;0.0;0.0;67.0;0.0;0.0;0.0;0.0;0.0;0.0;0.0;0.0;1023310000.0;48585000.0;122224000.0;2135330000.0;2086750000.0;-1794590000.0;-384816000.0;-282840000.0
HAGA3;ON;HAGA ON;Construção e Engenharia;2.5;26/05/2026;1.63;3.09;20321.0;29750000.0;-700490.0;31/03/2026;11900000;-79.0;1140.0;22.0;-62.0;-405.0;0.0;0.0;0.0;0.0;0.0;0.0;0.0;-23.0;0.0;0.0;0.0;0.0;0.0;0.0;0.0;0.0;73081400.0;51204600.0;65602700.0;20754100.0;-30450500.0;-48164200.0;2608810.0;1003900.0
HAGA4;ON;HAGA ON;Construção e Engenharia;1.52;26/05/2026;1.01;1.71;37081.0;18088000.0;-12362500.0;31/03/2026;11900000;0.0;693.0;22.0;-38.0;-405.0;0.0;0.0;0.0;0.0;0.0;0.0;0.0;-23.0;0.0;0.0;0.0;0.0;0.0;0.0;0.0;0.0;73081400.0;51204600.0;65602700.0;20754100.0;-30450500.0;-48164200.0;2608810.0;1003900.0
HAPV3;ON NM;HAPVIDA ON NM;Serv.Méd.Hospit. Análises e Diagnósticos;12.6;26/05/2026;8.21;43.8;139113000.0;6333150000.0;11306700000.0;31/03/2026;502631000;161.0;-1477.0;-85.0;13.0;9580.0;0.0;0.0;0.0;0.0;0.0;0.0;0.0;15.0;0.0;0.0;0.0;0.0;0.0;0.0;0.0;0.0;72988300000.0;8330390000.0;11212600000.0;13303900000.0;4973540000.0;48152100000.0;-428845000.0;-100976000.0
HBOR3;ON;Helbor ON;Construção Civil;2.45;26/05/2026;1.89;4.04;2625200.0;327935000.0;1996530000.0;31/03/2026;133851000;515.0;5836.0;4.0;23.0;1082.0;0.0;0.0;0.0;0.0;0.0;0.0;0.0;22.0;0.0;0.0;54.0;0.0;0.0;0.0;0.0;0.0;6663830000.0;288247000.0;3066810000.0;1956850000.0;1668600000.0;1447670000.0;5619000.0;1930000.0
HBRE3;ON NM;HBR REALTY ON NM;Exploração de Imóveis;2.9;26/05/2026;2.18;3.87;1172220.0;299248000.0;1633650000.0;31/03/2026;103189000;-136.0;998.0;29.0;17.0;1754.0;0.0;0.0;0.0;0.0;0.0;0.0;0.0;72.0;0.0;0.0;402.0;0.0;0.0;0.0;0.0;0.0;4889230000.0;220977000.0;419473000.0;1555370000.0;1334400000.0;1809910000.0;29984000.0;-25711000.0
HBSA3;ON NM;HIDROVIAS ON NM;Transporte;3.27;26/05/2026;3.07;4.38;8383730.0;4448450000.0;7246850000.0;31/03/2026;1360380000;-180.0;-2244.0;-15.0;222.0;147.0;0.0;0.0;0.0;0.0;0.0;0.0;0.0;89.0;0.0;0.0;0.0;0.0;0.0;0.0;0.0;0.0;6188130000.0;918598000.0;1546880000.0;3717000000.0;2798400000.0;2005730000.0;-198254000.0;-34172000.0
HBTS5;PNA;CIA HABITASUL PNA;Exploração de Imóveis;30.0;14/05/2026;22.36;33.0;4756.0;274011000.0;447502000.0;31/03/2026;9133690;0.0;326.0;921.0;42.0;7198.0;0.0;0.0;0.0;0.0;0.0;0.0;0.0;-41.0;0.0;0.0;241.0;0.0;0.0;0.0;0.0;0.0;1672530000.0;25009000.0;139788000.0;198500000.0;173491000.0;657454000.0;84102000.0;17373000.0
HETA4;PN;HERCULES S/A PN;Utilidades Domésticas;4.91;19/05/2026;4.51;5.8;411.0;2504100.0;327072000.0;31/03/2026;510000;0.0;324.0;151.0;-1.0;-68623.0;0.0;0.0;0.0;0.0;0.0;0.0;0.0;394.0;0.0;0.0;0.0;0.0;0.0;0.0;0.0;0.0;10389000.0;14000.0;1067000.0;324582000.0;324568000.0;-349975000.0;772000.0;-89000.0
HOOT4;PN;HOTEIS OTHON S.A. PN;Hoteis e Restaurantes;7.02;26/05/2026;3.55;8.1;44143.0;128971000.0;74984400.0;31/03/2026;18372000;-28.0;371.0;189.0;-986.0;-71.0;0.0;0.0;0.0;0.0;0.0;0.0;0.0;106.0;0.0;0.0;0.0;0.0;0.0;0.0;0.0;0.0;550310000.0;53987000.0;133324000.0;0.0;-53987000.0;-13077000.0;34803000.0;16723000.0
HYPE3;ON;HYPERA ON;Comércio e Distribuição;22.53;26/05/2026;20.25;27.02;89333400.0;15861300000.0;22094100000.0;31/03/2026;704009000;-192.0;943.0;239.0;112.0;2006.0;0.0;0.0;0.0;0.0;0.0;0.0;0.0;95.0;0.0;0.0;47.0;0.0;0.0;0.0;0.0;0.0;26001000000.0;2310910000.0;6712350000.0;8543670000.0;6232760000.0;14122900000.0;1682690000.0;347378000.0
IFCM3;ON NM;INFRACOMM ON NM;Programas e Serviços;0.62;26/05/2026;0.51;31.05;181861.0;85432100.0;467167000.0;31/03/2026;137794000;-159.0;-24.0;-259.0;56.0;111.0;0.0;0.0;0.0;0.0;0.0;0.0;0.0;-93.0;0.0;0.0;0.0;0.0;0.0;0.0;0.0;0.0;1273340000.0;121351000.0;623494000.0;503086000.0;381735000.0;152309000.0;-356657000.0;-59545000.0
IGBR3;ON;GRADIENTE ON;Exploração de Imóveis;175.99;06/06/2023;26.0;175.99;10393.0;219988000.0;466609000.0;30/09/2022;1250000;0.0;56.0;31299.0;-34.0;-52077.0;0.0;0.0;0.0;0.0;0.0;0.0;0.0;-280.0;0.0;0.0;0.0;0.0;0.0;0.0;0.0;0.0;212516000.0;105387000.0;109976000.0;352009000.0;246622000.0;-650957000.0;391238000.0;415155000.0
IGTI11;UNT N1;IGUATEMI S.A UNT N1;Exploração de Imóveis;26.31;26/05/2026;20.39;30.38;55756000.0;7806920000.0;9715380000.0;31/03/2026;2077100000;-139.0;1096.0;240.0;160.0;1641.0;0.0;0.0;0.0;0.0;0.0;0.0;0.0;99.0;0.0;0.0;7.0;0.0;0.0;0.0;0.0;0.0;9677180000.0;2033270000.0;2561980000.0;3941730000.0;1908460000.0;4869720000.0;712611000.0;237585000.0
IGTI3;ON N1;IGUATEMI S.A ON N1;Exploração de Imóveis;3.66;26/05/2026;2.37;3.72;218909.0;7602180000.0;9510640000.0;31/03/2026;2077100000;-161.0;1067.0;34.0;156.0;234.0;0.0;0.0;0.0;0.0;0.0;0.0;0.0;99.0;0.0;0.0;8.0;0.0;0.0;0.0;0.0;0.0;9677180000.0;2033270000.0;2561980000.0;3941730000.0;1908460000.0;4869720000.0;712611000.0;237585000.0
INEP3;ON;INEPAR S/A ON;Máquinas e Equipamentos;2.09;26/05/2026;1.04;2.52;218711.0;113695000.0;925127000.0;31/12/2025;54399500;-188.0;-23.0;-917.0;-7.0;-3122.0;0.0;0.0;0.0;0.0;0.0;0.0;0.0;-1053.0;0.0;0.0;0.0;0.0;0.0;0.0;0.0;0.0;370591000.0;17320000.0;134907000.0;828752000.0;811432000.0;-1698280000.0;-498816000.0;-125694000.0
INEP4;PN;INEPAR S/A PN;Máquinas e Equipamentos;2.1;26/05/2026;1.02;2.19;99813.0;114239000.0;925671000.0;31/12/2025;54399500;-47.0;-23.0;-917.0;-7.0;-3122.0;0.0;0.0;0.0;0.0;0.0;0.0;0.0;-1053.0;0.0;0.0;0.0;0.0;0.0;0.0;0.0;0.0;370591000.0;17320000.0;134907000.0;828752000.0;811432000.0;-1698280000.0;-498816000.0;-125694000.0
INTB3;ON NM;INTELBRAS ON NM;Computadores e Equipamentos;14.15;26/05/2026;10.15;15.39;32412100.0;4635700000.0;4295240000.0;31/03/2026;327611000;-21.0;806.0;175.0;147.0;960.0;0.0;0.0;0.0;0.0;0.0;0.0;0.0;98.0;0.0;0.0;80.0;0.0;0.0;0.0;0.0;0.0;5404260000.0;1315960000.0;3957940000.0;975508000.0;-340454000.0;3143670000.0;574861000.0;153527000.0
IRBR3;ON NM;IRBBRASIL RE ON NM;Previdência e Seguros;52.41;26/05/2026;42.92;63.22;37859000.0;4289390000.0;0.0;31/03/2026;81843000;-17.0;-10583.0;-50.0;81.0;6494.0;0.0;0.0;0.0;0.0;0.0;0.0;0.0;26.0;0.0;0.0;18.0;0.0;0.0;0.0;0.0;0.0;15445700000.0;0.0;0.0;0.0;0.0;5314840000.0;-40532000.0;93568000.0
ISAE3;ON;ISA ENERGIA ON;Energia Elétrica;33.56;26/05/2026;28.34;35.25;79727.0;22112100000.0;37100000000.0;31/03/2026;658883000;-27.0;943.0;356.0;103.0;3252.0;0.0;0.0;0.0;0.0;0.0;0.0;0.0;75.0;0.0;0.0;55.0;0.0;0.0;0.0;0.0;0.0;47938900000.0;1309080000.0;6457570000.0;16297000000.0;14987900000.0;21426500000.0;2343720000.0;609060000.0
ISAE4;PN;ISA ENERGIA PN;Energia Elétrica;27.78;26/05/2026;19.97;31.63;86420700.0;18303800000.0;33291700000.0;31/03/2026;658883000;-114.0;781.0;356.0;85.0;3252.0;0.0;0.0;0.0;0.0;0.0;0.0;0.0;75.0;0.0;0.0;67.0;0.0;0.0;0.0;0.0;0.0;47938900000.0;1309080000.0;6457570000.0;16297000000.0;14987900000.0;21426500000.0;2343720000.0;609060000.0
ITSA3;ON N1;ITAÚSA ON N1;Intermediários Financeiros;13.13;26/05/2026;9.19;14.87;2717440.0;147236000000.0;151486000000.0;31/03/2026;11213700000;8.0;867.0;151.0;163.0;804.0;0.0;0.0;0.0;0.0;0.0;0.0;0.0;3.0;0.0;0.0;93.0;0.0;0.0;0.0;0.0;0.0;114503000000.0;0.0;0.0;0.0;0.0;4250000000.0;380000000.0;134000000.0
ITSA4;PN N1;ITAÚSA PN N1;Intermediários Financeiros;12.99;26/05/2026;9.16;15.0;422431000.0;145666000000.0;149916000000.0;31/03/2026;11213700000;-92.0;858.0;151.0;161.0;804.0;0.0;0.0;0.0;0.0;0.0;0.0;0.0;3.0;0.0;0.0;94.0;0.0;0.0;0.0;0.0;0.0;114503000000.0;0.0;0.0;0.0;0.0;4250000000.0;380000000.0;134000000.0
ITUB3;ON N1;ITAUUNIBANCO ON N1;Intermediários Financeiros;40.76;26/05/2026;27.7;46.86;94655300.0;449455000000.0;0.0;31/03/2026;11026900000;-34.0;968.0;421.0;225.0;1812.0;0.0;0.0;0.0;0.0;0.0;0.0;0.0;0.0;0.0;0.0;84.0;0.0;0.0;0.0;0.0;0.0;479305000000.0;0.0;0.0;0.0;0.0;199777000000.0;46437000000.0;11654000000.0
ITUB4;PN N1;ITAUUNIBANCO PN N1;Intermediários Financeiros;40.06;26/05/2026;31.23;49.03;1205620000.0;441736000000.0;0.0;31/03/2026;11026900000;-64.0;951.0;421.0;221.0;1812.0;0.0;0.0;0.0;0.0;0.0;0.0;0.0;0.0;0.0;0.0;86.0;0.0;0.0;0.0;0.0;0.0;479305000000.0;0.0;0.0;0.0;0.0;199777000000.0;46437000000.0;11654000000.0
JALL3;ON NM;JALLESMACHAD ON NM;Alimentos Processados;2.76;26/05/2026;2.55;4.2;3771340.0;837776000.0;4115410000.0;31/12/2025;303542000;-108.0;1801.0;15.0;41.0;680.0;0.0;0.0;0.0;0.0;0.0;0.0;0.0;-26.0;0.0;0.0;0.0;0.0;0.0;0.0;0.0;0.0;7958290000.0;2058970000.0;3337920000.0;5336600000.0;3277630000.0;2063540000.0;46507000.0;55414000.0
JFEN3;ON;JOÃO FORTES ENGENHARIA S.A. ON;Construção Civil;0.66;26/05/2026;0.64;2.04;6476.0;8449980.0;352341000.0;31/03/2026;12803000;0.0;-5.0;-1456.0;-3.0;-2241.0;0.0;0.0;0.0;0.0;0.0;0.0;0.0;-111.0;0.0;0.0;0.0;0.0;0.0;0.0;0.0;0.0;716832000.0;2217000.0;609647000.0;346108000.0;343891000.0;-286871000.0;-186406000.0;-3901000.0
JHSF3;ON NM;JHSF Part ON NM;Construção Civil;10.79;26/05/2026;4.66;14.11;72730000.0;7377730000.0;8536390000.0;31/03/2026;683756000;-9.0;385.0;280.0;104.0;1033.0;0.0;0.0;0.0;0.0;0.0;0.0;0.0;93.0;0.0;0.0;55.0;0.0;0.0;0.0;0.0;0.0;18159900000.0;4243000000.0;7159620000.0;5401660000.0;1158660000.0;7062100000.0;1915400000.0;369687000.0
JOPA3;ON;JOSAPAR S/A ON;Alimentos Processados;16.8;26/05/2026;16.69;21.6;8495.0;177778000.0;605789000.0;31/03/2026;10582000;-6.0;1368.0;123.0;29.0;5796.0;0.0;0.0;0.0;0.0;0.0;0.0;0.0;38.0;0.0;0.0;19.0;0.0;0.0;0.0;0.0;0.0;2263710000.0;740533000.0;1667380000.0;1168540000.0;428011000.0;613367000.0;12995000.0;2055000.0
JSLG3;ON NM;JULIO SIMOES ON NM;Transporte;6.61;26/05/2026;3.86;8.64;7401570.0;1886290000.0;8302440000.0;31/03/2026;285369000;-294.0;-1984.0;-33.0;162.0;409.0;0.0;0.0;0.0;0.0;0.0;0.0;0.0;81.0;0.0;0.0;290.0;0.0;0.0;0.0;0.0;0.0;12023900000.0;1435420000.0;4342630000.0;7851570000.0;6416160000.0;1166290000.0;-95096000.0;-144908000.0
KEPL3;ON;KEPLER WEBER SA ON;Máquinas e Equipamentos;7.09;26/05/2026;6.68;10.45;10620500.0;1274210000.0;1234520000.0;31/03/2026;179720000;-98.0;862.0;82.0;161.0;441.0;0.0;0.0;0.0;0.0;0.0;0.0;0.0;93.0;0.0;0.0;61.0;0.0;0.0;0.0;0.0;0.0;1516650000.0;375759000.0;1002180000.0;336063000.0;-39696000.0;791850000.0;147846000.0;17128000.0
KLBN11;UNT N2;KLABIN UNT N2;Madeira e Papel;16.61;26/05/2026;16.08;21.02;100720000.0;20734200000.0;45436100000.0;31/03/2026;6241480000;36.0;2776.0;60.0;229.0;725.0;0.0;0.0;0.0;0.0;0.0;0.0;0.0;50.0;0.0;0.0;85.0;0.0;0.0;0.0;0.0;0.0;62090600000.0;8885060000.0;16094500000.0;33587000000.0;24701900000.0;9046010000.0;746913000.0;-530056000.0
KLBN3;ON N2;KLABIN ON N2;Madeira e Papel;3.37;26/05/2026;3.24;4.21;4887960.0;21033800000.0;45735700000.0;31/03/2026;6241480000;0.0;2816.0;12.0;233.0;145.0;0.0;0.0;0.0;0.0;0.0;0.0;0.0;50.0;0.0;0.0;84.0;0.0;0.0;0.0;0.0;0.0;62090600000.0;8885060000.0;16094500000.0;33587000000.0;24701900000.0;9046010000.0;746913000.0;-530056000.0
KLBN4;PN N2;KLABIN PN N2;Madeira e Papel;3.33;26/05/2026;3.21;4.18;21461900.0;20784100000.0;45486100000.0;31/03/2026;6241480000;60.0;2783.0;12.0;230.0;145.0;0.0;0.0;0.0;0.0;0.0;0.0;0.0;50.0;0.0;0.0;85.0;0.0;0.0;0.0;0.0;0.0;62090600000.0;8885060000.0;16094500000.0;33587000000.0;24701900000.0;9046010000.0;746913000.0;-530056000.0
LAND3;ON NM;TERRASANTAPA ON NM;Agropecuária;8.45;26/05/2026;7.26;11.99;322227.0;813118000.0;883037000.0;31/03/2026;96227000;-117.0;24700.0;3.0;122.0;693.0;0.0;0.0;0.0;0.0;0.0;0.0;0.0;68.0;0.0;0.0;0.0;0.0;0.0;0.0;0.0;0.0;969707000.0;40487000.0;129374000.0;110406000.0;69919000.0;666441000.0;3292000.0;8253000.0
LAVV3;ON NM;LAVVI ON NM;Construção Civil;11.89;26/05/2026;9.87;18.94;10362300.0;2323710000.0;2800340000.0;31/03/2026;195434000;-182.0;585.0;203.0;170.0;700.0;0.0;0.0;0.0;0.0;0.0;0.0;0.0;78.0;0.0;0.0;216.0;0.0;0.0;0.0;0.0;0.0;4640110000.0;895504000.0;4033380000.0;1372140000.0;476633000.0;1367560000.0;397060000.0;69871000.0
LEVE3;ON;MAHLE METAL LEVE ON;Automóveis e Motocicletas;32.68;26/05/2026;24.35;35.6;14308700.0;4429410000.0;5423430000.0;31/03/2026;135539000;-79.0;667.0;490.0;414.0;790.0;0.0;0.0;0.0;0.0;0.0;0.0;0.0;239.0;0.0;0.0;87.0;0.0;0.0;0.0;0.0;0.0;3830270000.0;530020000.0;2354140000.0;1524040000.0;994017000.0;1071200000.0;664253000.0;214251000.0
LIGT3;ON;LIGHT SA ON;Energia Elétrica;2.62;26/05/2026;2.52;7.3;9092060.0;976095000.0;9394480000.0;31/03/2026;372555000;-296.0;37.0;702.0;12.0;2234.0;0.0;0.0;0.0;0.0;0.0;0.0;0.0;44.0;0.0;0.0;0.0;0.0;0.0;0.0;0.0;0.0;28283300000.0;1416760000.0;5010900000.0;9835150000.0;8418380000.0;8323140000.0;2615270000.0;2821420000.0
LJQQ3;ON NM;QUERO-QUERO ON NM;Comércio;1.45;26/05/2026;1.36;3.21;5710000.0;282856000.0;78210800.0;31/03/2026;195073000;-136.0;-147.0;-99.0;82.0;176.0;0.0;0.0;0.0;0.0;0.0;0.0;0.0;1.0;0.0;0.0;0.0;0.0;0.0;0.0;0.0;0.0;3903080000.0;773103000.0;2931440000.0;568458000.0;-204645000.0;343318000.0;-192508000.0;-61666000.0
LOGG3;ON NM;LOG COM PROP ON NM;Exploração de Imóveis;26.92;26/05/2026;16.56;28.28;9013460.0;2365160000.0;4533010000.0;31/03/2026;87859000;475.0;588.0;458.0;63.0;4259.0;0.0;0.0;0.0;0.0;0.0;0.0;0.0;27.0;0.0;0.0;152.0;0.0;0.0;0.0;0.0;0.0;6870570000.0;50441000.0;760801000.0;2218280000.0;2167840000.0;3741490000.0;402327000.0;134035000.0
LOGN3;ON NM;Log-In ON NM;Transporte;29.8;26/05/2026;23.6;39.8;446512.0;3197730000.0;4596280000.0;31/03/2026;107306000;-33.0;10981.0;27.0;305.0;979.0;0.0;0.0;0.0;0.0;0.0;0.0;0.0;69.0;0.0;0.0;0.0;0.0;0.0;0.0;0.0;0.0;3813750000.0;238961000.0;1230260000.0;1637510000.0;1398550000.0;1050050000.0;29122000.0;-37949000.0
LPSB3;ON NM;LOPES BRASIL ON NM;Exploração de Imóveis;1.6;26/05/2026;1.1;2.0;320255.0;236087000.0;162361000.0;31/03/2026;147555000;-419.0;573.0;28.0;99.0;161.0;0.0;0.0;0.0;0.0;0.0;0.0;0.0;111.0;0.0;0.0;139.0;0.0;0.0;0.0;0.0;0.0;403291000.0;73726000.0;119342000.0;0.0;-73726000.0;238217000.0;41187000.0;1723000.0
LREN3;ON;RENNER ON;Comércio;15.04;26/05/2026;12.83;18.79;251269000.0;15142900000.0;13688500000.0;31/03/2026;1006840000;-240.0;1014.0;148.0;146.0;1030.0;0.0;0.0;0.0;0.0;0.0;0.0;0.0;194.0;0.0;0.0;60.0;0.0;0.0;0.0;0.0;0.0;18873000000.0;1853530000.0;10955000000.0;399040000.0;-1454490000.0;10366100000.0;1493780000.0;257251000.0
LUPA3;ON NM;LUPATECH ON NM;Petróleo, Gás e Biocombustíveis;0.75;26/05/2026;0.72;1.41;59966.0;35488500.0;221295000.0;31/03/2026;47318000;-260.0;-33.0;-226.0;264.0;28.0;0.0;0.0;0.0;0.0;0.0;0.0;0.0;-77.0;0.0;0.0;0.0;0.0;0.0;0.0;0.0;0.0;452921000.0;253000.0;205202000.0;186059000.0;185806000.0;13434000.0;-106902000.0;-58110000.0
LUXM4;PN;TREVISA INVESTIMENTOS SA PN;Transporte;3.46;26/05/2026;2.98;5.93;8657.0;143825000.0;134890000.0;31/03/2026;41568000;-170.0;701.0;49.0;84.0;414.0;0.0;0.0;0.0;0.0;0.0;0.0;0.0;104.0;0.0;0.0;40.0;0.0;0.0;0.0;0.0;0.0;240489000.0;26831000.0;49847000.0;17896000.0;-8935000.0;172201000.0;20512000.0;1643000.0
LWSA3;ON NM;LOCAWEB ON NM;Programas e Serviços;3.59;26/05/2026;3.37;4.72;15957100.0;2041130000.0;1738560000.0;31/03/2026;568561000;-503.0;-933.0;-38.0;87.0;412.0;0.0;0.0;0.0;0.0;0.0;0.0;0.0;50.0;0.0;0.0;85.0;0.0;0.0;0.0;0.0;0.0;3519890000.0;373774000.0;1237280000.0;71203000.0;-302571000.0;2343110000.0;-218743000.0;21515000.0
MAPT3;ON;CIA MARCOPOLO ON;Outros;2.5;22/05/2026;2.5;3.01;123.0;2297500.0;2297500.0;31/03/2026;919000;0.0;-2209.0;-11.0;-35.0;-716.0;0.0;0.0;0.0;0.0;0.0;0.0;0.0;-113.0;0.0;0.0;0.0;0.0;0.0;0.0;0.0;0.0;773000.0;0.0;0.0;0.0;0.0;-6578000.0;-104000.0;-71000.0
MAPT4;PN;CIA MARCOPOLO PN;Outros;3.0;30/04/2026;2.5;5.51;23.0;2757000.0;2757000.0;31/03/2026;919000;0.0;-2651.0;-11.0;-42.0;-716.0;0.0;0.0;0.0;0.0;0.0;0.0;0.0;-113.0;0.0;0.0;0.0;0.0;0.0;0.0;0.0;0.0;773000.0;0.0;0.0;0.0;0.0;-6578000.0;-104000.0;-71000.0
MATD3;ON NM;MATER DEI ON NM;Serv.Méd.Hospit. Análises e Diagnósticos;5.15;26/05/2026;4.0;6.14;717779.0;1717780000.0;2498800000.0;31/03/2026;333549000;-190.0;1388.0;37.0;115.0;449.0;0.0;0.0;0.0;0.0;0.0;0.0;0.0;92.0;0.0;0.0;29.0;0.0;0.0;0.0;0.0;0.0;4334970000.0;583971000.0;1515410000.0;1364990000.0;781024000.0;1498780000.0;123785000.0;33205000.0
MBRF3;ON NM;MARFRIG ON NM;Alimentos Processados;16.36;26/05/2026;15.03;25.6;188276000.0;22935300000.0;72594300000.0;31/03/2026;1401920000;74.0;6011.0;27.0;201.0;815.0;0.0;0.0;0.0;0.0;0.0;0.0;0.0;42.0;0.0;0.0;105.0;0.0;0.0;0.0;0.0;0.0;138367000000.0;23087100000.0;51972800000.0;72746000000.0;49658900000.0;11423900000.0;381580000.0;111256000.0
MDIA3;ON NM;M.DIASBRANCO ON NM;Alimentos Processados;19.9;26/05/2026;19.38;28.59;11013200.0;6746100000.0;6226710000.0;31/03/2026;339000000;-173.0;968.0;206.0;81.0;2466.0;0.0;0.0;0.0;0.0;0.0;0.0;0.0;67.0;0.0;0.0;53.0;0.0;0.0;0.0;0.0;0.0;12658800000.0;1922240000.0;5782880000.0;1402850000.0;-519389000.0;8361040000.0;696730000.0;106322000.0
MDNE3;ON NM;MOURA DUBEUX ON NM;Construção Civil;27.95;26/05/2026;16.45;34.28;41717900.0;2912780000.0;2996370000.0;31/03/2026;104214000;-64.0;575.0;486.0;138.0;2030.0;0.0;0.0;0.0;0.0;0.0;0.0;0.0;92.0;0.0;0.0;139.0;0.0;0.0;0.0;0.0;0.0;6167710000.0;823685000.0;3429340000.0;907277000.0;83592000.0;2115670000.0;506355000.0;156108000.0
MEAL3;ON NM;IMC S/A ON NM;Hoteis e Restaurantes;0.98;26/05/2026;0.91;1.43;312269.0;280943000.0;474135000.0;31/03/2026;286677000;-297.0;-152.0;-64.0;37.0;268.0;0.0;0.0;0.0;0.0;0.0;0.0;0.0;-10.0;0.0;0.0;0.0;0.0;0.0;0.0;0.0;0.0;2046840000.0;204903000.0;412356000.0;398095000.0;193192000.0;769498000.0;-184435000.0;-74098000.0
MELK3;ON NM;MELNICK ON NM;Construção Civil;3.33;26/05/2026;2.85;3.96;1942000.0;686877000.0;1154920000.0;31/03/2026;206269000;91.0;555.0;60.0;64.0;522.0;0.0;0.0;0.0;0.0;0.0;0.0;0.0;54.0;0.0;0.0;158.0;0.0;0.0;0.0;0.0;0.0;2845270000.0;234343000.0;1891180000.0;702391000.0;468048000.0;1077730000.0;123669000.0;25042000.0
MERC4;PN;MERCANTIL BRASIL PN;Intermediários Financeiros;16.25;06/03/2026;12.0;16.25;0.0;666169000.0;0.0;31/12/2025;40995000;0.0;2118.0;77.0;113.0;1439.0;0.0;0.0;0.0;0.0;0.0;0.0;0.0;0.0;0.0;0.0;33.0;0.0;0.0;0.0;0.0;0.0;644348000.0;0.0;0.0;0.0;0.0;589733000.0;31453000.0;2239000.0
MGEL4;PN N1;MANGELS PN N1;Siderurgia e Metalurgia;5.43;26/05/2026;3.96;8.25;69689.0;31402800.0;533106000.0;31/03/2026;5783210;-589.0;73.0;739.0;62.0;880.0;0.0;0.0;0.0;0.0;0.0;0.0;0.0;99.0;0.0;0.0;0.0;0.0;0.0;0.0;0.0;0.0;749108000.0;22348000.0;327803000.0;524051000.0;501703000.0;50865000.0;42735000.0;3896000.0
MGLU3;ON NM;MAGAZ LUIZA ON NM;Comércio;6.65;26/05/2026;6.25;11.0;129250000.0;5160030000.0;8595350000.0;31/03/2026;775945000;-177.0;3777.0;18.0;46.0;1453.0;0.0;0.0;0.0;0.0;0.0;0.0;0.0;41.0;0.0;0.0;12.0;0.0;0.0;0.0;0.0;0.0;36712100000.0;1624850000.0;18395300000.0;5060160000.0;3435310000.0;11271100000.0;136615000.0;-55220000.0
MILS3;ON NM;MILLS ON NM;Diversos;15.05;26/05/2026;9.58;15.05;15711700.0;3524380000.0;4675640000.0;31/03/2026;234178000;0.0;820.0;184.0;198.0;759.0;0.0;0.0;0.0;0.0;0.0;0.0;0.0;161.0;0.0;0.0;71.0;0.0;0.0;0.0;0.0;0.0;4332320000.0;723923000.0;1423610000.0;1875190000.0;1151270000.0;1777790000.0;430022000.0;196975000.0
MLAS3;ON NM;MULTILASER ON NM;Computadores e Equipamentos;1.64;26/05/2026;0.86;1.7;2004250.0;1345680000.0;1154800000.0;31/03/2026;820539000;-296.0;745.0;22.0;44.0;376.0;0.0;0.0;0.0;0.0;0.0;0.0;0.0;15.0;0.0;0.0;31.0;0.0;0.0;0.0;0.0;0.0;5257480000.0;624618000.0;3694180000.0;433736000.0;-190882000.0;3089240000.0;180706000.0;123448000.0
MNDL3;ON;MUNDIAL S/A ON;Tecidos, Vestuário e Calçados;18.5;26/05/2026;15.0;20.0;33455.0;183538000.0;677100000.0;31/03/2026;9921000;0.0;-492.0;-376.0;159.0;1162.0;0.0;0.0;0.0;0.0;0.0;0.0;0.0;76.0;0.0;0.0;0.0;0.0;0.0;0.0;0.0;0.0;1423770000.0;7022000.0;581236000.0;500583000.0;493561000.0;115327000.0;-37327000.0;-16011000.0
MNPR3;ON;MINUPAR ON;Alimentos Processados;3.81;26/05/2026;2.23;5.61;82845.0;270514000.0;144445000.0;31/03/2026;71001000;-26.0;53.0;719.0;135.0;283.0;0.0;0.0;0.0;0.0;0.0;0.0;0.0;147.0;0.0;0.0;34.0;0.0;0.0;0.0;0.0;0.0;448576000.0;126069000.0;258770000.0;0.0;-126069000.0;201004000.0;510731000.0;11467000.0
MOAR3;ON;MONTEIRO ARANHA ON;Holdings Diversificadas;61.21;29/01/2026;58.05;146.04;0.0;749884000.0;315080000.0;30/09/2025;12251000;0.0;2351.0;260.0;81.0;7549.0;0.0;0.0;0.0;0.0;0.0;0.0;0.0;-12.0;0.0;0.0;278.0;0.0;0.0;0.0;0.0;0.0;2218610000.0;1277180000.0;1347400000.0;842371000.0;-434804000.0;924791000.0;31891000.0;30304000.0
MOTV3;ON;MOTIVA SA ON;Transporte;14.51;26/05/2026;11.97;17.55;148310000.0;29310200000.0;60127200000.0;31/03/2026;2020000000;-136.0;872.0;166.0;179.0;809.0;0.0;0.0;0.0;0.0;0.0;0.0;0.0;94.0;0.0;0.0;27.0;0.0;0.0;0.0;0.0;0.0;74159000000.0;9308000000.0;25743000000.0;40125000000.0;30817000000.0;16336000000.0;3361530000.0;627000000.0
MOVI3;ON NM;MOVIDA ON NM;Diversos;10.03;26/05/2026;5.64;14.74;82062100.0;4033650000.0;22202300000.0;31/03/2026;402159000;-439.0;1107.0;91.0;132.0;760.0;0.0;0.0;0.0;0.0;0.0;0.0;0.0;102.0;0.0;0.0;65.0;0.0;0.0;0.0;0.0;0.0;35936400000.0;5480880000.0;9057890000.0;23649500000.0;18168600000.0;3056660000.0;364410000.0;124513000.0
MRSA3B;ON MB;MRS LOGÍSTICA S/A ON MB;Transporte;42.99;11/05/2026;24.41;48.75;1219.0;14529600000.0;20437800000.0;31/03/2026;337977000;0.0;1076.0;400.0;166.0;2583.0;0.0;0.0;0.0;0.0;0.0;0.0;0.0;111.0;0.0;0.0;0.0;0.0;0.0;0.0;0.0;0.0;25817000000.0;4873330000.0;5950080000.0;10781500000.0;5908130000.0;8729610000.0;1350560000.0;78209000.0
MRSA3B;ON MB;MRS LOGÍSTICA S/A ON MB;Transporte;42.99;11/05/2026;24.41;48.75;1219.0;14529600000.0;20437800000.0;31/03/2026;337977000;0.0;1076.0;400.0;166.0;2583.0;0.0;0.0;0.0;0.0;0.0;0.0;0.0;111.0;0.0;0.0;0.0;0.0;0.0;0.0;0.0;0.0;25817000000.0;4873330000.0;5950080000.0;10781500000.0;5908130000.0;8729610000.0;1350560000.0;78209000.0
MRSA5B;PNA MB;MRS LOGÍSTICA S/A PNA MB;Transporte;38.0;29/04/2026;22.02;49.99;1039.0;12843100000.0;18751300000.0;31/03/2026;337977000;0.0;951.0;400.0;147.0;2583.0;0.0;0.0;0.0;0.0;0.0;0.0;0.0;111.0;0.0;0.0;30.0;0.0;0.0;0.0;0.0;0.0;25817000000.0;4873330000.0;5950080000.0;10781500000.0;5908130000.0;8729610000.0;1350560000.0;78209000.0
MRSA5B;PNA MB;MRS LOGÍSTICA S/A PNA MB;Transporte;38.0;29/04/2026;22.02;49.99;1039.0;12843100000.0;18751300000.0;31/03/2026;337977000;0.0;951.0;400.0;147.0;2583.0;0.0;0.0;0.0;0.0;0.0;0.0;0.0;111.0;0.0;0.0;30.0;0.0;0.0;0.0;0.0;0.0;25817000000.0;4873330000.0;5950080000.0;10781500000.0;5908130000.0;8729610000.0;1350560000.0;78209000.0
MRSA6B;PNB MB;MRS LOGÍSTICA S/A PNB MB;Transporte;36.5;29/04/2026;23.5;50.0;727.0;12336200000.0;18244300000.0;31/03/2026;337977000;0.0;913.0;400.0;141.0;2583.0;0.0;0.0;0.0;0.0;0.0;0.0;0.0;111.0;0.0;0.0;32.0;0.0;0.0;0.0;0.0;0.0;25817000000.0;4873330000.0;5950080000.0;10781500000.0;5908130000.0;8729610000.0;1350560000.0;78209000.0
MRSA6B;PNB MB;MRS LOGÍSTICA S/A PNB MB;Transporte;36.5;29/04/2026;23.5;50.0;727.0;12336200000.0;18244300000.0;31/03/2026;337977000;0.0;913.0;400.0;141.0;2583.0;0.0;0.0;0.0;0.0;0.0;0.0;0.0;111.0;0.0;0.0;32.0;0.0;0.0;0.0;0.0;0.0;25817000000.0;4873330000.0;5950080000.0;10781500000.0;5908130000.0;8729610000.0;1350560000.0;78209000.0
MRVE3;ON NM;MRV ON NM;Construção Civil;6.15;26/05/2026;5.29;10.43;68152400.0;3461440000.0;11392700000.0;31/03/2026;562836000;-191.0;-455.0;-135.0;66.0;927.0;0.0;0.0;0.0;0.0;0.0;0.0;0.0;63.0;0.0;0.0;0.0;0.0;0.0;0.0;0.0;0.0;28247700000.0;450314000.0;15408200000.0;8381600000.0;7931290000.0;5214700000.0;-761100000.0;-77657000.0
MSPA3;ON;MELHORAMENTOS ON;Madeira e Papel;47.0;16/01/2026;44.18;47.0;0.0;301035000.0;479775000.0;31/12/2025;6405000;0.0;-921.0;-511.0;37.0;12677.0;0.0;0.0;0.0;0.0;0.0;0.0;0.0;-12.0;0.0;0.0;0.0;0.0;0.0;0.0;0.0;0.0;1432280000.0;28045000.0;128803000.0;206785000.0;178740000.0;811958000.0;-32702000.0;-1920000.0
MSPA4;PN;MELHORAMENTOS PN;Madeira e Papel;41.0;16/01/2026;39.5;41.0;0.0;262605000.0;441345000.0;31/12/2025;6405000;0.0;-803.0;-511.0;32.0;12677.0;0.0;0.0;0.0;0.0;0.0;0.0;0.0;-12.0;0.0;0.0;0.0;0.0;0.0;0.0;0.0;0.0;1432280000.0;28045000.0;128803000.0;206785000.0;178740000.0;811958000.0;-32702000.0;-1920000.0
MTRE3;ON NM;MITRE REALTY ON NM;Construção Civil;3.59;26/05/2026;2.97;4.23;1948970.0;379732000.0;864758000.0;31/03/2026;105775000;28.0;624.0;58.0;37.0;963.0;0.0;0.0;0.0;0.0;0.0;0.0;0.0;41.0;0.0;0.0;115.0;0.0;0.0;0.0;0.0;0.0;2364730000.0;181366000.0;1740160000.0;666392000.0;485026000.0;1019050000.0;60898000.0;18383000.0
MTSA4;PN;METISA PN;Máquinas e Equipamentos;48.29;26/05/2026;37.01;64.82;173463.0;424456000.0;264424000.0;31/03/2026;8789730;-625.0;1092.0;442.0;92.0;5269.0;0.0;0.0;0.0;0.0;0.0;0.0;0.0;47.0;0.0;0.0;87.0;0.0;0.0;0.0;0.0;0.0;624105000.0;235440000.0;483728000.0;75407700.0;-160032000.0;463119000.0;38857400.0;7112370.0
MULT3;ON N2;Multiplan ON N2;Exploração de Imóveis;30.0;26/05/2026;24.24;35.53;108000000.0;15394900000.0;19902700000.0;31/03/2026;513164000;-128.0;1259.0;238.0;238.0;1262.0;0.0;0.0;0.0;0.0;0.0;0.0;0.0;157.0;0.0;0.0;36.0;0.0;0.0;0.0;0.0;0.0;13294900000.0;913899000.0;2093770000.0;5421670000.0;4507770000.0;6475350000.0;1223220000.0;316145000.0
MWET3;ON;WETZEL S.A. ON;Material de Transporte;16.0;12/03/2026;12.57;17.0;0.0;32928000.0;142404000.0;31/03/2026;2058000;0.0;-101.0;-1587.0;-426.0;-375.0;0.0;0.0;0.0;0.0;0.0;0.0;0.0;-38.0;0.0;0.0;0.0;0.0;0.0;0.0;0.0;0.0;329530000.0;282000.0;110127000.0;109758000.0;109476000.0;-7726000.0;-32664000.0;-10507000.0
MWET4;PN;WETZEL S.A. PN;Material de Transporte;14.9;22/05/2026;8.2;25.17;5045.0;30664200.0;140140000.0;31/03/2026;2058000;0.0;-94.0;-1587.0;-397.0;-375.0;0.0;0.0;0.0;0.0;0.0;0.0;0.0;-38.0;0.0;0.0;0.0;0.0;0.0;0.0;0.0;0.0;329530000.0;282000.0;110127000.0;109758000.0;109476000.0;-7726000.0;-32664000.0;-10507000.0
MYPK3;ON;IOCHPE-MAXION ON;Automóveis e Motocicletas;9.09;26/05/2026;8.74;14.25;12293900.0;1397310000.0;5238690000.0;31/03/2026;153720000;-11.0;1529.0;59.0;34.0;2666.0;0.0;0.0;0.0;0.0;0.0;0.0;0.0;66.0;0.0;0.0;34.0;0.0;0.0;0.0;0.0;0.0;14555500000.0;1866120000.0;6730060000.0;5707500000.0;3841380000.0;4098170000.0;91411000.0;3920000.0
NATU3;ON;NATURA COSMETICOS SA ON;Produtos de Uso Pessoal e de Limpeza;10.4;26/05/2026;7.2;10.7;108310000.0;14295400000.0;18291900000.0;31/03/2026;1374560000;-123.0;-614.0;-169.0;115.0;907.0;0.0;0.0;0.0;0.0;0.0;0.0;0.0;88.0;0.0;0.0;0.0;0.0;0.0;0.0;0.0;0.0;27909600000.0;2366680000.0;11583200000.0;6363200000.0;3996520000.0;12462400000.0;-2326500000.0;-444525000.0
NEOE3;ON NM;NEOENERGIA ON NM;Energia Elétrica;33.8;04/05/2026;22.56;33.8;42619900.0;41080900000.0;92728900000.0;31/03/2026;1215410000;0.0;773.0;437.0;109.0;3104.0;0.0;0.0;0.0;0.0;0.0;0.0;0.0;94.0;0.0;0.0;33.0;0.0;0.0;0.0;0.0;0.0;123612000000.0;9551000000.0;29652000000.0;61199000000.0;51648000000.0;37726000000.0;5314000000.0;1284000000.0
NEXP3;ON;NEXPE ON;Exploração de Imóveis;2.53;25/05/2026;2.53;3.96;10679.0;6718590.0;6774590.0;31/03/2026;2655570;0.0;-22.0;-1159.0;-6.0;-3985.0;0.0;0.0;0.0;0.0;0.0;0.0;0.0;-1215.0;0.0;0.0;0.0;0.0;0.0;0.0;0.0;0.0;10196000.0;248000.0;2629000.0;304000.0;56000.0;-105814000.0;-30767000.0;-2780000.0
NGRD3;ON NM;NEOGRID ON NM;Programas e Serviços;32.31;26/05/2026;24.12;33.43;1153840.0;295344000.0;180241000.0;31/03/2026;9140940;50.0;-3006.0;-107.0;68.0;4754.0;0.0;0.0;0.0;0.0;0.0;0.0;0.0;-31.0;0.0;0.0;0.0;0.0;0.0;0.0;0.0;0.0;553982000.0;129769000.0;201819000.0;14666000.0;-115103000.0;434557000.0;-9826000.0;-5199000.0
NORD3;ON;NORDON INDS METALURGICAS SA ON;Máquinas e Equipamentos;1.9;22/05/2026;1.79;7.9;10982.0;12579900.0;42449900.0;31/03/2026;6621000;0.0;-111.0;-171.0;-7.0;-2781.0;0.0;0.0;0.0;0.0;0.0;0.0;0.0;-243.0;0.0;0.0;0.0;0.0;0.0;0.0;0.0;0.0;19192000.0;11000.0;818000.0;29881000.0;29870000.0;-184112000.0;-11333000.0;-59000.0
NUTR3;ON;NUTRIPLANT ON;Químicos;2.26;26/05/2026;2.1;3.61;10209.0;29931400.0;49517400.0;31/03/2026;13244000;-259.0;411.0;55.0;60.0;377.0;0.0;0.0;0.0;0.0;0.0;0.0;0.0;26.0;0.0;0.0;0.0;0.0;0.0;0.0;0.0;0.0;124148000.0;2534000.0;79782000.0;22120000.0;19586000.0;49969000.0;7279000.0;-570000.0
OBTC3;ON ;ORANJEBTC ON ;Diversos;6.97;26/05/2026;6.15;24.0;3025970.0;2213770000.0;2304200000.0;31/03/2026;317614000;146.0;-238.0;-293.0;179.0;388.0;0.0;0.0;0.0;0.0;0.0;0.0;0.0;-14.0;0.0;0.0;0.0;0.0;0.0;0.0;0.0;0.0;1403430000.0;68459000.0;76644000.0;158893000.0;90434000.0;1233430000.0;-930692000.0;-460706000.0
OFSA3;ON NM;OUROFINO S/A ON NM;Medicamentos e Outros Produtos;32.49;26/05/2026;19.96;33.78;404483.0;1752800000.0;1863510000.0;31/03/2026;53949000;-107.0;725.0;448.0;215.0;1513.0;0.0;0.0;0.0;0.0;0.0;0.0;0.0;167.0;0.0;0.0;40.0;0.0;0.0;0.0;0.0;0.0;1630840000.0;401103000.0;1097730000.0;511814000.0;110711000.0;816471000.0;241620000.0;21358000.0
OIBR3;ON N1;OI ON N1;Telecomunicações;0.13;26/05/2026;0.05;0.73;144848.0;42915800.0;10082400000.0;30/06/2025;330122000;0.0;-2.0;-558.0;0.0;-4694.0;0.0;0.0;0.0;0.0;0.0;0.0;0.0;-139.0;0.0;0.0;0.0;0.0;0.0;0.0;0.0;0.0;18729700000.0;1149350000.0;4601180000.0;11188900000.0;10039500000.0;-15496000000.0;-1842360000.0;-835834000.0
OIBR4;ON N1;OI ON N1;Telecomunicações;1.21;26/05/2026;1.14;9.48;1145.0;399447000.0;10439000000.0;30/06/2025;330122000;-763.0;-22.0;-558.0;-3.0;-4694.0;0.0;0.0;0.0;0.0;0.0;0.0;0.0;-139.0;0.0;0.0;0.0;0.0;0.0;0.0;0.0;0.0;18729700000.0;1149350000.0;4601180000.0;11188900000.0;10039500000.0;-15496000000.0;-1842360000.0;-835834000.0
ONCO3;ON NM;ONCOCLINICAS ON NM;Serv.Méd.Hospit. Análises e Diagnósticos;1.46;26/05/2026;1.04;4.52;11930500.0;1657240000.0;5384580000.0;31/03/2026;1135100000;-519.0;-43.0;-338.0;311.0;47.0;0.0;0.0;0.0;0.0;0.0;0.0;0.0;39.0;0.0;0.0;0.0;0.0;0.0;0.0;0.0;0.0;6699640000.0;112287000.0;2469730000.0;3839620000.0;3727330000.0;533367000.0;-3841500000.0;-364204000.0
OPCT3;ON NM;OCEANPACT ON NM;Petróleo, Gás e Biocombustíveis;10.25;26/05/2026;5.78;10.61;4257000.0;2049590000.0;3530040000.0;31/03/2026;199960000;-125.0;1686.0;61.0;204.0;502.0;0.0;0.0;0.0;0.0;0.0;0.0;0.0;101.0;0.0;0.0;9.0;0.0;0.0;0.0;0.0;0.0;3394320000.0;530225000.0;1147850000.0;2010680000.0;1480450000.0;1003370000.0;121588000.0;29754000.0
ORVR3;ON NM;ORIZON ON NM;Água e Saneamento;77.97;26/05/2026;47.37;83.89;55229600.0;7495010000.0;8879960000.0;31/03/2026;96126900;-9.0;8792.0;89.0;513.0;1519.0;0.0;0.0;0.0;0.0;0.0;0.0;0.0;74.0;0.0;0.0;0.0;0.0;0.0;0.0;0.0;0.0;4446960000.0;855590000.0;1346330000.0;2240540000.0;1384950000.0;1459990000.0;85248000.0;18784000.0
OSXB3;ON NM;OSX BRASIL ON NM;Petróleo, Gás e Biocombustíveis;1.4;26/05/2026;1.34;2.89;1104.0;4407200.0;7926300000.0;31/03/2026;3148000;72.0;0.0;-35069.0;0.0;-323486.0;0.0;0.0;0.0;0.0;0.0;0.0;0.0;4.0;0.0;0.0;0.0;0.0;0.0;0.0;0.0;0.0;696697000.0;11408000.0;29998000.0;7933300000.0;7921890000.0;-10183300000.0;-1103970000.0;-553000.0
PATI3;ON;PANATLANTICA ON;Siderurgia e Metalurgia;34.0;20/05/2026;28.62;44.23;32939.0;813688000.0;805068000.0;31/03/2026;23932000;0.0;1669.0;204.0;107.0;3168.0;0.0;0.0;0.0;0.0;0.0;0.0;0.0;49.0;0.0;0.0;69.0;0.0;0.0;0.0;0.0;0.0;1410190000.0;301193000.0;973176000.0;292573000.0;-8620030.0;758072000.0;48762000.0;16012000.0
PATI4;PN;PANATLANTICA PN;Siderurgia e Metalurgia;30.0;14/05/2026;29.31;37.21;6890.0;717960000.0;709340000.0;31/03/2026;23932000;0.0;1472.0;204.0;95.0;3168.0;0.0;0.0;0.0;0.0;0.0;0.0;0.0;49.0;0.0;0.0;88.0;0.0;0.0;0.0;0.0;0.0;1410190000.0;301193000.0;973176000.0;292573000.0;-8620030.0;758072000.0;48762000.0;16012000.0
PCAR3;ON;PÃO DE AÇÚCAR ON;Comércio e Distribuição;2.01;26/05/2026;1.97;4.36;13806200.0;988852000.0;4194850000.0;31/03/2026;491966000;-290.0;-47.0;-425.0;149.0;135.0;0.0;0.0;0.0;0.0;0.0;0.0;0.0;101.0;0.0;0.0;0.0;0.0;0.0;0.0;0.0;0.0;16162000000.0;967000000.0;4931000000.0;4173000000.0;3206000000.0;662000000.0;-2092000000.0;-1437000000.0
PDGR3;ON NM;PDG REALT ON NM;Construção Civil;1.5;26/05/2026;0.82;94.0;96093.0;4930500.0;362092000.0;31/03/2026;3287000;-66.0;-2.0;-7358.0;0.0;-98686.0;0.0;0.0;0.0;0.0;0.0;0.0;0.0;-115.0;0.0;0.0;0.0;0.0;0.0;0.0;0.0;0.0;416692000.0;24179000.0;227233000.0;381341000.0;357162000.0;-3243800000.0;-241846000.0;-15147000.0
PDTC3;ON;PADTEC ON;Serviços Financeiros Diversos;1.44;26/05/2026;0.96;1.8;32689.0;114437000.0;306849000.0;31/03/2026;79470000;-400.0;1458.0;10.0;80.0;181.0;0.0;0.0;0.0;0.0;0.0;0.0;0.0;11.0;0.0;0.0;0.0;0.0;0.0;0.0;0.0;0.0;643555000.0;86897000.0;384311000.0;279309000.0;192412000.0;143688000.0;7850960.0;7794000.0
PEAB3;ON;CIA. DE PARTICIPAÇÕES ALIANÇA DA BAHIA ON;Holdings Diversificadas;40.0;25/05/2026;33.74;41.45;5204.0;725560000.0;693375000.0;31/03/2026;18139000;0.0;1607.0;249.0;78.0;5109.0;0.0;0.0;0.0;0.0;0.0;0.0;0.0;-13.0;0.0;0.0;37.0;0.0;0.0;0.0;0.0;0.0;1312180000.0;181416000.0;253568000.0;149231000.0;-32185000.0;926671000.0;45148000.0;14248000.0
PEAB4;PN;CIA. DE PARTICIPAÇÕES ALIANÇA DA BAHIA PN;Holdings Diversificadas;39.32;18/05/2026;34.6;47.67;6554.0;713225000.0;681041000.0;31/03/2026;18139000;0.0;1580.0;249.0;77.0;5109.0;0.0;0.0;0.0;0.0;0.0;0.0;0.0;-13.0;0.0;0.0;41.0;0.0;0.0;0.0;0.0;0.0;1312180000.0;181416000.0;253568000.0;149231000.0;-32185000.0;926671000.0;45148000.0;14248000.0
PETR3;ON;PETROBRAS ON;Petróleo, Gás e Biocombustíveis;48.89;26/05/2026;29.53;54.73;739942000.0;630130000000.0;954221000000.0;31/03/2026;12888700000;41.0;586.0;835.0;142.0;3454.0;0.0;0.0;0.0;0.0;0.0;0.0;0.0;156.0;0.0;0.0;65.0;0.0;0.0;0.0;0.0;0.0;1246070000000.0;47600000000.0;140533000000.0;371691000000.0;324091000000.0;445189000000.0;107583000000.0;32663000000.0
PETR4;PN;PETROBRAS PN;Petróleo, Gás e Biocombustíveis;43.44;26/05/2026;27.5;49.34;2390690000.0;559887000000.0;883978000000.0;31/03/2026;12888700000;9.0;520.0;835.0;126.0;3454.0;0.0;0.0;0.0;0.0;0.0;0.0;0.0;156.0;0.0;0.0;73.0;0.0;0.0;0.0;0.0;0.0;1246070000000.0;47600000000.0;140533000000.0;371691000000.0;324091000000.0;445189000000.0;107583000000.0;32663000000.0
PETZ3;ON NM;PETZ ON NM;Comércio;4.39;02/01/2026;3.61;4.88;0.0;1980500000.0;1933520000.0;31/03/2026;451140000;0.0;4084.0;11.0;116.0;380.0;0.0;0.0;0.0;0.0;0.0;0.0;0.0;61.0;0.0;0.0;0.0;0.0;0.0;0.0;0.0;0.0;3895570000.0;433371000.0;1427390000.0;386382000.0;-46989000.0;1713010000.0;48496000.0;6017000.0
PFRM3;ON NM;PROFARMA ON NM;Comércio e Distribuição;6.5;26/05/2026;6.21;9.31;1818080.0;804785000.0;1549470000.0;31/03/2026;123813000;-413.0;763.0;85.0;60.0;1083.0;0.0;0.0;0.0;0.0;0.0;0.0;0.0;64.0;0.0;0.0;99.0;0.0;0.0;0.0;0.0;0.0;6039790000.0;316515000.0;4265690000.0;1061200000.0;744687000.0;1341390000.0;105480000.0;-1750000.0
PGMN3;ON NM;PAGUE MENOS ON NM;Comércio e Distribuição;4.45;26/05/2026;3.12;7.54;31633800.0;3221350000.0;4636250000.0;31/03/2026;723898000;-133.0;1048.0;42.0;96.0;462.0;0.0;0.0;0.0;0.0;0.0;0.0;0.0;92.0;0.0;0.0;53.0;0.0;0.0;0.0;0.0;0.0;9806830000.0;241328000.0;5613340000.0;1656230000.0;1414900000.0;3347900000.0;307528000.0;52215000.0
PINE3;ON N1;Pine ON N1;Intermediários Financeiros;13.96;26/05/2026;4.69;15.31;133040.0;3625410000.0;0.0;31/03/2026;259700000;14.0;697.0;200.0;209.0;667.0;0.0;0.0;0.0;0.0;0.0;0.0;0.0;0.0;0.0;0.0;0.0;0.0;0.0;0.0;0.0;0.0;35571400000.0;0.0;0.0;0.0;0.0;1732760000.0;520042000.0;149900000.0
PINE4;PN;Pine PN;Intermediários Financeiros;15.36;26/05/2026;4.82;16.07;18322500.0;3988990000.0;0.0;31/03/2026;259700000;336.0;767.0;200.0;230.0;667.0;0.0;0.0;0.0;0.0;0.0;0.0;0.0;0.0;0.0;0.0;49.0;0.0;0.0;0.0;0.0;0.0;35571400000.0;0.0;0.0;0.0;0.0;1732760000.0;520042000.0;149900000.0
PLAS3;ON;PLASCAR PARTICIPAÇÕES INDUSTRIAIS S.A ON;Automóveis e Motocicletas;2.87;19/05/2026;2.85;6.06;4264.0;35659800.0;269400000.0;31/03/2026;12425000;0.0;-18.0;-1614.0;-5.0;-6259.0;0.0;0.0;0.0;0.0;0.0;0.0;0.0;-32.0;0.0;0.0;0.0;0.0;0.0;0.0;0.0;0.0;605133000.0;26290000.0;191305000.0;260030000.0;233740000.0;-777639000.0;-200480000.0;-54417000.0
PLPL3;ON NM;PLANOEPLANO ON NM;Construção Civil;9.47;26/05/2026;9.33;17.36;69633600.0;1930940000.0;2020210000.0;31/03/2026;203901000;-104.0;575.0;165.0;181.0;522.0;0.0;0.0;0.0;0.0;0.0;0.0;0.0;189.0;0.0;0.0;52.0;0.0;0.0;0.0;0.0;0.0;4409240000.0;1047200000.0;3977660000.0;1136470000.0;89265900.0;1064270000.0;335876000.0;40804000.0
PMAM3;ON;PARANAPANEMA S.A. ON;Siderurgia e Metalurgia;0.42;26/05/2026;0.42;1.97;1616640.0;63345700.0;5720860000.0;31/12/2025;150823000;-1064.0;-5.0;-883.0;-1.0;-5002.0;0.0;0.0;0.0;0.0;0.0;0.0;0.0;-269.0;0.0;0.0;0.0;0.0;0.0;0.0;0.0;0.0;1207160000.0;41453000.0;200038000.0;5698970000.0;5657520000.0;-7544090000.0;-1331490000.0;-570521000.0
PNVL3;ON;PANVEL FARMÁCIAS ON;Comércio e Distribuição;11.55;26/05/2026;7.97;16.26;10749400.0;1736850000.0;2818500000.0;31/03/2026;150377000;-286.0;1312.0;88.0;134.0;865.0;0.0;0.0;0.0;0.0;0.0;0.0;0.0;72.0;0.0;0.0;26.0;0.0;0.0;0.0;0.0;0.0;3663510000.0;304003000.0;2145460000.0;1385650000.0;1081640000.0;1300270000.0;132370000.0;33231000.0
POMO3;ON;MARCOPOLO ON;Material de Transporte;6.04;26/05/2026;4.54;6.72;4932060.0;7549390000.0;9097280000.0;31/03/2026;1249900000;-49.0;605.0;100.0;186.0;325.0;0.0;0.0;0.0;0.0;0.0;0.0;0.0;150.0;0.0;0.0;156.0;0.0;0.0;0.0;0.0;0.0;9504230000.0;1828450000.0;5633170000.0;3376330000.0;1547890000.0;4061280000.0;1247620000.0;266082000.0
POMO4;PN N2;MARCOPOLO PN N2;Material de Transporte;6.16;26/05/2026;5.45;7.95;60081100.0;7699380000.0;9247270000.0;31/03/2026;1249900000;-96.0;617.0;100.0;190.0;325.0;0.0;0.0;0.0;0.0;0.0;0.0;0.0;150.0;0.0;0.0;153.0;0.0;0.0;0.0;0.0;0.0;9504230000.0;1828450000.0;5633170000.0;3376330000.0;1547890000.0;4061280000.0;1247620000.0;266082000.0
POSI3;ON NM;POSITIVO TEC ON NM;Computadores e Equipamentos;4.17;26/05/2026;3.77;4.73;4871540.0;591306000.0;1211650000.0;31/03/2026;141800000;171.0;6015.0;7.0;38.0;1098.0;0.0;0.0;0.0;0.0;0.0;0.0;0.0;50.0;0.0;0.0;43.0;0.0;0.0;0.0;0.0;0.0;4384120000.0;605795000.0;2779080000.0;1226140000.0;620349000.0;1556790000.0;9831000.0;-12305000.0
PRIO3;ON NM;PETRORIO ON NM;Petróleo, Gás e Biocombustíveis;64.75;26/05/2026;34.2;72.1;819274000.0;56494100000.0;80602000000.0;31/03/2026;872495000;68.0;2181.0;297.0;212.0;3052.0;0.0;0.0;0.0;0.0;0.0;0.0;0.0;59.0;0.0;0.0;0.0;0.0;0.0;0.0;0.0;0.0;63548700000.0;2793650000.0;10657500000.0;26901600000.0;24108000000.0;26630600000.0;2589700000.0;2410880000.0
PRNR3;ON NM;PRINER ON NM;Serviços Diversos;19.09;26/05/2026;14.55;21.97;10361100.0;1085230000.0;1609450000.0;31/03/2026;56848000;-195.0;2515.0;76.0;201.0;952.0;0.0;0.0;0.0;0.0;0.0;0.0;0.0;78.0;0.0;0.0;0.0;0.0;0.0;0.0;0.0;0.0;1878050000.0;312371000.0;835595000.0;836590000.0;524219000.0;540971000.0;43151000.0;56765000.0
PSSA3;ON;PORTO SEGURO SA ON;Previdência e Seguros;48.89;26/05/2026;43.65;55.41;87777700.0;31611600000.0;18570500000.0;31/03/2026;646586000;-71.0;858.0;570.0;203.0;2403.0;0.0;0.0;0.0;0.0;0.0;0.0;0.0;600.0;0.0;0.0;61.0;0.0;0.0;0.0;0.0;0.0;57474400000.0;13041100000.0;34082700000.0;0.0;-13041100000.0;15535900000.0;3682640000.0;1134020000.0
PTBL3;ON;PORTOBELLO S/A ON;Construção e Engenharia;1.93;26/05/2026;1.92;5.52;1144950.0;272105000.0;1442000000.0;31/03/2026;140987000;-203.0;-91.0;-213.0;-736.0;-26.0;0.0;0.0;0.0;0.0;0.0;0.0;0.0;22.0;0.0;0.0;0.0;0.0;0.0;0.0;0.0;0.0;3595950000.0;200446000.0;1260650000.0;1370340000.0;1169890000.0;-36960000.0;-300146000.0;-41132000.0
PTNT3;ON;PETTENATI ON;Tecidos, Vestuário e Calçados;8.42;26/05/2026;7.02;9.62;21230.0;404551000.0;554102000.0;31/03/2026;48046500;-186.0;1431.0;59.0;93.0;907.0;0.0;0.0;0.0;0.0;0.0;0.0;0.0;21.0;0.0;0.0;31.0;0.0;0.0;0.0;0.0;0.0;1159080000.0;360670000.0;704872000.0;510221000.0;149551000.0;435924000.0;28269200.0;10756700.0
PTNT4;PN;PETTENATI PN;Tecidos, Vestuário e Calçados;8.4;25/05/2026;4.28;8.88;236024.0;403590000.0;553141000.0;31/03/2026;48046500;0.0;1428.0;59.0;93.0;907.0;0.0;0.0;0.0;0.0;0.0;0.0;0.0;21.0;0.0;0.0;32.0;0.0;0.0;0.0;0.0;0.0;1159080000.0;360670000.0;704872000.0;510221000.0;149551000.0;435924000.0;28269200.0;10756700.0
QUAL3;ON NM;QUALICORP ON NM;Serv.Méd.Hospit. Análises e Diagnósticos;1.82;26/05/2026;1.6;2.72;8538910.0;516906000.0;1312710000.0;31/03/2026;284014000;225.0;3393.0;5.0;40.0;459.0;0.0;0.0;0.0;0.0;0.0;0.0;0.0;151.0;0.0;0.0;3.0;0.0;0.0;0.0;0.0;0.0;3977360000.0;985344000.0;1281360000.0;1781150000.0;795801000.0;1304090000.0;15233000.0;18635000.0
RADL3;ON;RAIADROGASIL ON;Comércio e Distribuição;18.01;26/05/2026;12.92;26.91;218963000.0;31560100000.0;34683900000.0;31/03/2026;1752370000;-254.0;2443.0;74.0;430.0;419.0;0.0;0.0;0.0;0.0;0.0;0.0;0.0;113.0;0.0;0.0;22.0;0.0;0.0;0.0;0.0;0.0;25272200000.0;537736000.0;15356800000.0;3661550000.0;3123810000.0;7340400000.0;1291850000.0;158956000.0
RAIL3;ON NM;RUMO S.A. ON NM;Transporte;14.25;26/05/2026;13.31;18.7;231021000.0;26488300000.0;43954800000.0;31/03/2026;1858830000;-77.0;2547.0;56.0;191.0;748.0;0.0;0.0;0.0;0.0;0.0;0.0;0.0;107.0;0.0;0.0;64.0;0.0;0.0;0.0;0.0;0.0;53715600000.0;5424350000.0;8319400000.0;22890800000.0;17466500000.0;13895300000.0;1040180000.0;93255000.0
RAIZ4;PN N2;RAIZEN PN N2;Petróleo, Gás e Biocombustíveis;0.4;26/05/2026;0.39;2.01;7950200.0;4141000000.0;65481300000.0;31/12/2025;10352500000;-244.0;-19.0;-215.0;-259.0;-15.0;0.0;0.0;0.0;0.0;0.0;0.0;0.0;7.0;0.0;0.0;0.0;0.0;0.0;0.0;0.0;0.0;118687000000.0;16787400000.0;60988000000.0;78127700000.0;61340300000.0;-1596880000.0;-22257200000.0;-15555000000.0
RANI3;ON;IRANI ON;Madeira e Papel;7.91;26/05/2026;6.71;9.55;7603540.0;1823260000.0;2905750000.0;31/03/2026;230501000;-149.0;899.0;88.0;124.0;638.0;0.0;0.0;0.0;0.0;0.0;0.0;0.0;106.0;0.0;0.0;61.0;0.0;0.0;0.0;0.0;0.0;3847150000.0;760220000.0;1280010000.0;1842700000.0;1082480000.0;1471350000.0;202771000.0;19416000.0
RAPT3;ON N1;RANDON S.A. IMPLEMENTOS E PARTICIPAÇÕES ON N1;Material de Transporte;5.22;26/05/2026;4.75;8.41;96731.0;1825560000.0;7256230000.0;31/03/2026;349725000;235.0;-628.0;-83.0;59.0;889.0;0.0;0.0;0.0;0.0;0.0;0.0;0.0;59.0;0.0;0.0;0.0;0.0;0.0;0.0;0.0;0.0;18941900000.0;4109980000.0;10431900000.0;9540640000.0;5430670000.0;3108190000.0;-290669000.0;-47596000.0
RAPT4;PN N1;RANDON S.A. IMPLEMENTOS E PARTICIPAÇÕES PN N1;Material de Transporte;5.18;26/05/2026;4.7;9.28;19760700.0;1811580000.0;7242240000.0;31/03/2026;349725000;-38.0;-623.0;-83.0;58.0;889.0;0.0;0.0;0.0;0.0;0.0;0.0;0.0;59.0;0.0;0.0;0.0;0.0;0.0;0.0;0.0;0.0;18941900000.0;4109980000.0;10431900000.0;9540640000.0;5430670000.0;3108190000.0;-290669000.0;-47596000.0
RCSL3;ON;RECRUSUL ON;Material de Transporte;0.38;26/05/2026;0.37;0.98;89189.0;48369800.0;48365800.0;31/03/2026;127289000;0.0;-290.0;-13.0;-353.0;-11.0;0.0;0.0;0.0;0.0;0.0;0.0;0.0;-46.0;0.0;0.0;0.0;0.0;0.0;0.0;0.0;0.0;33593000.0;4000.0;10791000.0;0.0;-4000.0;-13686000.0;-16685000.0;-2716000.0
RCSL4;PN;RECRUSUL PN;Material de Transporte;0.52;26/05/2026;0.24;2.7;3196050.0;66190300.0;66186300.0;31/03/2026;127289000;-189.0;-397.0;-13.0;-484.0;-11.0;0.0;0.0;0.0;0.0;0.0;0.0;0.0;-46.0;0.0;0.0;0.0;0.0;0.0;0.0;0.0;0.0;33593000.0;4000.0;10791000.0;0.0;-4000.0;-13686000.0;-16685000.0;-2716000.0
RDNI3;ON NM;RNI ON NM;Construção Civil;2.14;16/12/2025;2.01;2.82;0.0;93667800.0;564811000.0;31/12/2025;43770000;0.0;-47.0;-455.0;125.0;171.0;0.0;0.0;0.0;0.0;0.0;0.0;0.0;-78.0;0.0;0.0;0.0;0.0;0.0;0.0;0.0;0.0;1047920000.0;20894000.0;577773000.0;492037000.0;471143000.0;74882000.0;-199083000.0;-96609000.0
RDOR3;ON NM;REDE D OR ON NM;Serv.Méd.Hospit. Análises e Diagnósticos;35.0;26/05/2026;29.55;44.93;353158000.0;80125200000.0;87379300000.0;31/03/2026;2289290000;142.0;1736.0;202.0;405.0;864.0;0.0;0.0;0.0;0.0;0.0;0.0;0.0;93.0;0.0;0.0;122.0;0.0;0.0;0.0;0.0;0.0;109771000000.0;41262800000.0;54782500000.0;48516900000.0;7254100000.0;19769300000.0;4615260000.0;967326000.0
RECV3;ON NM;PETRORECONCA ON NM;Petróleo, Gás e Biocombustíveis;11.9;26/05/2026;9.23;14.0;41523300.0;3492320000.0;5008880000.0;31/03/2026;293472000;-364.0;653.0;182.0;83.0;1430.0;0.0;0.0;0.0;0.0;0.0;0.0;0.0;74.0;0.0;0.0;115.0;0.0;0.0;0.0;0.0;0.0;9068120000.0;1657310000.0;2246930000.0;3173880000.0;1516560000.0;4195990000.0;534620000.0;123797000.0
REDE3;ON;REDE EMPRESAS DE ENERGIA ELÉTRICA S.A. ON;Energia Elétrica;5.85;26/05/2026;5.72;6.8;14224.0;15024000000.0;31157400000.0;31/03/2026;2568200000;34.0;1324.0;44.0;241.0;243.0;0.0;0.0;0.0;0.0;0.0;0.0;0.0;112.0;0.0;0.0;68.0;0.0;0.0;0.0;0.0;0.0;35509100000.0;4268660000.0;10279600000.0;20402000000.0;16133400000.0;6235820000.0;1134480000.0;300732000.0
RENT3;ON;LOCALIZA RENT A CAR ON;Diversos;43.7;26/05/2026;30.54;52.33;439345000.0;49130100000.0;81423100000.0;31/03/2026;1124260000;-267.0;2180.0;200.0;187.0;2340.0;0.0;0.0;0.0;0.0;0.0;0.0;0.0;96.0;0.0;0.0;46.0;0.0;0.0;0.0;0.0;0.0;85467600000.0;9664790000.0;20143800000.0;41957800000.0;32293000000.0;26309600000.0;2254120000.0;1221900000.0
RIAA3;ON NM;RIACHUELO ON NM;Comércio;9.2;26/05/2026;5.43;10.57;16900300.0;4621490000.0;5721690000.0;31/03/2026;502336000;-306.0;307.0;300.0;87.0;1059.0;0.0;0.0;0.0;0.0;0.0;0.0;0.0;74.0;0.0;0.0;354.0;0.0;0.0;0.0;0.0;0.0;14094600000.0;1387120000.0;9097880000.0;2487320000.0;1100200000.0;5319110000.0;1506860000.0;5037000.0
RIOS3;ON ;RIO ALTO ON ;Energia Elétrica;30.5;24/02/2026;29.2;36.0;0.0;2083090000.0;3673070000.0;30/09/2025;68298000;0.0;-453.0;-673.0;-230.0;-1326.0;0.0;0.0;0.0;0.0;0.0;0.0;0.0;-28.0;0.0;0.0;0.0;0.0;0.0;0.0;0.0;0.0;1910720000.0;5710000.0;27718000.0;1595690000.0;1589980000.0;-905447000.0;-459726000.0;-77145000.0
RNEW3;ON N2;RENOVA ON N2;Energia Elétrica;0.91;26/05/2026;0.85;1.74;82063.0;339535000.0;995070000.0;31/03/2026;373115000;-109.0;-240.0;-38.0;29.0;309.0;0.0;0.0;0.0;0.0;0.0;0.0;0.0;-5.0;0.0;0.0;0.0;0.0;0.0;0.0;0.0;0.0;3046850000.0;81409000.0;247186000.0;736944000.0;655535000.0;1153290000.0;-141606000.0;-36913000.0
RNEW4;PN N2;RENOVA PN N2;Energia Elétrica;0.89;26/05/2026;0.85;1.76;89357.0;332072000.0;987607000.0;31/03/2026;373115000;-326.0;-235.0;-38.0;29.0;309.0;0.0;0.0;0.0;0.0;0.0;0.0;0.0;-5.0;0.0;0.0;0.0;0.0;0.0;0.0;0.0;0.0;3046850000.0;81409000.0;247186000.0;736944000.0;655535000.0;1153290000.0;-141606000.0;-36913000.0
ROMI3;ON;ROMI ON;Máquinas e Equipamentos;6.5;26/05/2026;6.36;9.01;2125820.0;605612000.0;1163400000.0;31/03/2026;93171000;-46.0;782.0;83.0;49.0;1333.0;0.0;0.0;0.0;0.0;0.0;0.0;0.0;24.0;0.0;0.0;83.0;0.0;0.0;0.0;0.0;0.0;2646550000.0;383458000.0;1623550000.0;941249000.0;557791000.0;1242140000.0;77468000.0;2331000.0
RPAD3;ON;ALFA HOLDINGS ON;Intermediários Financeiros;7.5;12/05/2026;4.1;7.5;493.0;635115000.0;506517000.0;31/03/2026;84682000;0.0;737.0;102.0;62.0;1208.0;0.0;0.0;0.0;0.0;0.0;0.0;0.0;-2.0;0.0;0.0;1.0;0.0;0.0;0.0;0.0;0.0;1033690000.0;0.0;0.0;0.0;0.0;-128598000.0;-1804000.0;-479000.0
RPAD5;PNA;ALFA HOLDINGS PNA;Intermediários Financeiros;6.91;26/05/2026;5.63;7.39;4145.0;585153000.0;456555000.0;31/03/2026;84682000;88.0;679.0;102.0;57.0;1208.0;0.0;0.0;0.0;0.0;0.0;0.0;0.0;-2.0;0.0;0.0;83.0;0.0;0.0;0.0;0.0;0.0;1033690000.0;0.0;0.0;0.0;0.0;-128598000.0;-1804000.0;-479000.0
RPAD6;PNB;ALFA HOLDINGS PNB;Intermediários Financeiros;6.5;18/05/2026;4.03;6.5;314.0;550433000.0;421835000.0;31/03/2026;84682000;0.0;638.0;102.0;54.0;1208.0;0.0;0.0;0.0;0.0;0.0;0.0;0.0;-2.0;0.0;0.0;2.0;0.0;0.0;0.0;0.0;0.0;1033690000.0;0.0;0.0;0.0;0.0;-128598000.0;-1804000.0;-479000.0
RPMG3;ON;REFINARIA DE PETRÓLEOS DE MANGUINHOS S.A ON;Petróleo, Gás e Biocombustíveis;2.02;26/05/2026;2.02;3.06;15626.0;136738000.0;83494800.0;30/06/2025;67692000;-288.0;-8.0;-2450.0;-2.0;-10981.0;0.0;0.0;0.0;0.0;0.0;0.0;0.0;-177.0;0.0;0.0;0.0;0.0;0.0;0.0;0.0;0.0;10287800000.0;53243000.0;9817360000.0;0.0;-53243000.0;-7433370000.0;-1658780000.0;-514368000.0
RSID3;ON N1;ROSSI RESIDENCIAL ON N1;Construção Civil;1.6;18/05/2026;1.45;2.14;6795.0;32435500.0;391438000.0;31/12/2024;20272200;0.0;38.0;421.0;-4.0;-3733.0;0.0;0.0;0.0;0.0;0.0;0.0;0.0;-64.0;0.0;0.0;0.0;0.0;0.0;0.0;0.0;0.0;458067000.0;30043000.0;185653000.0;389045000.0;359002000.0;-756841000.0;85267000.0;205312000.0
RSUL4;PN;METALURGICA RIOSULENSE S/A PN;Material de Transporte;65.39;26/05/2026;57.9;70.48;285854.0;397056000.0;367657000.0;31/03/2026;6072130;105.0;633.0;1034.0;138.0;4732.0;0.0;0.0;0.0;0.0;0.0;0.0;0.0;197.0;0.0;0.0;38.0;0.0;0.0;0.0;0.0;0.0;467131000.0;80612000.0;265565000.0;51213000.0;-29399000.0;287360000.0;62760000.0;13354000.0
RVEE3;ON NM;REVEE ON NM;Viagens e Lazer;0.87;26/05/2026;0.68;30.0;746.0;8848770.0;8475770.0;31/03/2026;10171000;0.0;106.0;82.0;13.0;693.0;0.0;0.0;0.0;0.0;0.0;0.0;0.0;-56.0;0.0;0.0;0.0;0.0;0.0;0.0;0.0;0.0;342904000.0;373000.0;44510000.0;0.0;-373000.0;70489000.0;8343000.0;-3699000.0
SANB11;UNT;SANTANDER UNT;Intermediários Financeiros;27.32;26/05/2026;24.63;36.97;86504100.0;102430000000.0;0.0;31/03/2026;7498530000;-116.0;662.0;413.0;105.0;2593.0;0.0;0.0;0.0;0.0;0.0;0.0;0.0;0.0;0.0;0.0;84.0;0.0;0.0;0.0;0.0;0.0;1283790000000.0;0.0;0.0;0.0;0.0;97206400000.0;15483900000.0;3838100000.0
SANB3;ON;SANTANDER ON;Intermediários Financeiros;13.23;26/05/2026;11.75;18.24;1461310.0;99205600000.0;0.0;31/03/2026;7498530000;-127.0;641.0;206.0;102.0;1296.0;0.0;0.0;0.0;0.0;0.0;0.0;0.0;0.0;0.0;0.0;83.0;0.0;0.0;0.0;0.0;0.0;1283790000000.0;0.0;0.0;0.0;0.0;97206400000.0;15483900000.0;3838100000.0
SANB4;PN;SANTANDER PN;Intermediários Financeiros;14.09;26/05/2026;13.0;18.72;1784870.0;105654000000.0;0.0;31/03/2026;7498530000;-98.0;682.0;206.0;109.0;1296.0;0.0;0.0;0.0;0.0;0.0;0.0;0.0;0.0;0.0;0.0;86.0;0.0;0.0;0.0;0.0;0.0;1283790000000.0;0.0;0.0;0.0;0.0;97206400000.0;15483900000.0;3838100000.0
SAPR11;UNT N2;SANEPAR UNT N2;Água e Saneamento;38.0;26/05/2026;31.13;47.9;77405600.0;11485200000.0;13406500000.0;31/03/2026;1511210000;29.0;938.0;405.0;90.0;4202.0;0.0;0.0;0.0;0.0;0.0;0.0;0.0;93.0;0.0;0.0;52.0;0.0;0.0;0.0;0.0;0.0;26827900000.0;5359480000.0;7025970000.0;7280860000.0;1921380000.0;12700500000.0;1224260000.0;352681000.0
SAPR3;ON;SANEPAR ON;Água e Saneamento;8.5;26/05/2026;6.27;11.71;1775200.0;12845200000.0;14766600000.0;31/03/2026;1511210000;107.0;1049.0;81.0;101.0;840.0;0.0;0.0;0.0;0.0;0.0;0.0;0.0;93.0;0.0;0.0;43.0;0.0;0.0;0.0;0.0;0.0;26827900000.0;5359480000.0;7025970000.0;7280860000.0;1921380000.0;12700500000.0;1224260000.0;352681000.0
SAPR4;PN;SANEPAR PN;Água e Saneamento;7.33;26/05/2026;6.14;9.08;11796500.0;11077100000.0;12998500000.0;31/03/2026;1511210000;-27.0;905.0;81.0;87.0;840.0;0.0;0.0;0.0;0.0;0.0;0.0;0.0;93.0;0.0;0.0;54.0;0.0;0.0;0.0;0.0;0.0;26827900000.0;5359480000.0;7025970000.0;7280860000.0;1921380000.0;12700500000.0;1224260000.0;352681000.0
SBFG3;ON;GRUPO SBF ON;Comércio;11.38;26/05/2026;9.58;14.95;24662400.0;2624960000.0;5310320000.0;31/03/2026;230664000;-156.0;784.0;145.0;85.0;1339.0;0.0;0.0;0.0;0.0;0.0;0.0;0.0;64.0;0.0;0.0;48.0;0.0;0.0;0.0;0.0;0.0;9111450000.0;223953000.0;4509720000.0;2909320000.0;2685370000.0;3087730000.0;334706000.0;74211000.0
SBSP3;ON NM;SABESP ON NM;Água e Saneamento;28.77;26/05/2026;20.31;35.21;549841000.0;101401000000.0;133861000000.0;31/03/2026;3524530000;-113.0;1162.0;248.0;232.0;1240.0;0.0;0.0;0.0;0.0;0.0;0.0;0.0;110.0;0.0;0.0;24.0;0.0;0.0;0.0;0.0;0.0;116719000000.0;19182200000.0;25949300000.0;51642600000.0;32460500000.0;43701000000.0;8729000000.0;1749030000.0
SCAR3;ON;SÃO CARLOS EMPREEND.E PARTICIPAÇÕES S.A. ON;Exploração de Imóveis;13.3;26/05/2026;12.16;20.53;675028.0;767902000.0;1231890000.0;31/03/2026;57737000;8.0;1713.0;78.0;74.0;1799.0;0.0;0.0;0.0;0.0;0.0;0.0;0.0;13.0;0.0;0.0;534.0;0.0;0.0;0.0;0.0;0.0;2818590000.0;404010000.0;496821000.0;867994000.0;463984000.0;1038790000.0;44825000.0;-26263000.0
SEER3;ON NM;SER EDUCA ON NM;Diversos;11.79;26/05/2026;7.52;13.75;14446100.0;1517630000.0;1910330000.0;31/03/2026;128722000;77.0;615.0;192.0;107.0;1101.0;0.0;0.0;0.0;0.0;0.0;0.0;0.0;140.0;0.0;0.0;41.0;0.0;0.0;0.0;0.0;0.0;3567950000.0;527617000.0;1239410000.0;920314000.0;392697000.0;1417590000.0;246706000.0;75903000.0
SEQL3;ON NM;SEQUOIA LOG ON NM;Serviços Diversos;0.12;26/05/2026;0.11;18.29;448209.0;752764000.0;1568500000.0;30/09/2025;6273030000;0.0;-105.0;-11.0;-121.0;-10.0;0.0;0.0;0.0;0.0;0.0;0.0;0.0;-527.0;0.0;0.0;0.0;0.0;0.0;0.0;0.0;0.0;794317000.0;10737000.0;136391000.0;826474000.0;815737000.0;-622283000.0;-719107000.0;-105049000.0
SHOW3;ON NM;TIME FOR FUN ON NM;Viagens e Lazer;5.71;26/05/2026;4.33;7.1;230935.0;38491100.0;9995110.0;31/03/2026;6741000;-355.0;-88.0;-646.0;38.0;1486.0;0.0;0.0;0.0;0.0;0.0;0.0;0.0;-4.0;0.0;0.0;0.0;0.0;0.0;0.0;0.0;0.0;316924000.0;63454000.0;160552000.0;34958000.0;-28496000.0;100142000.0;-43552000.0;-3226000.0
SHUL4;PN;SCHULZ PN;Máquinas e Equipamentos;4.93;26/05/2026;4.06;5.66;2785070.0;1761860000.0;1626800000.0;31/03/2026;357375000;-140.0;645.0;76.0;115.0;428.0;0.0;0.0;0.0;0.0;0.0;0.0;0.0;31.0;0.0;0.0;129.0;0.0;0.0;0.0;0.0;0.0;2990970000.0;971416000.0;1915880000.0;836354000.0;-135062000.0;1528640000.0;273073000.0;55642000.0
SIMH3;ON NM;SIMPAR ON NM;Holdings Diversificadas;9.21;26/05/2026;8.0;14.3;42093500.0;5376420000.0;50428700000.0;31/03/2026;583759000;-285.0;-6029.0;-15.0;126.0;729.0;0.0;0.0;0.0;0.0;0.0;0.0;0.0;85.0;0.0;0.0;0.0;0.0;0.0;0.0;0.0;0.0;89154000000.0;15347200000.0;30615600000.0;60399500000.0;45052300000.0;4254850000.0;-89173000.0;-179597000.0
SLCE3;ON NM;SLC Agricola ON NM;Agropecuária;16.13;26/05/2026;13.2;19.32;58257100.0;8044770000.0;14391500000.0;31/03/2026;498746000;-55.0;2483.0;65.0;151.0;1066.0;0.0;0.0;0.0;0.0;0.0;0.0;0.0;88.0;0.0;0.0;50.0;0.0;0.0;0.0;0.0;0.0;19813000000.0;921862000.0;8501230000.0;7268620000.0;6346760000.0;5314850000.0;323973000.0;229072000.0
SMFT3;ON NM;SMART FIT ON NM;Viagens e Lazer;19.06;26/05/2026;16.74;26.3;144688000.0;11743400000.0;15846500000.0;31/03/2026;616130000;-185.0;1701.0;112.0;198.0;962.0;0.0;0.0;0.0;0.0;0.0;0.0;0.0;81.0;0.0;0.0;53.0;0.0;0.0;0.0;0.0;0.0;22655100000.0;4563310000.0;6056960000.0;8666380000.0;4103060000.0;5924380000.0;690194000.0;172026000.0
SMTO3;ON NM;SAO MARTINHO ON NM;Alimentos Processados;17.15;26/05/2026;13.0;21.42;52231500.0;5701260000.0;13051500000.0;31/03/2026;332435000;-92.0;682.0;252.0;77.0;2215.0;0.0;0.0;0.0;0.0;0.0;0.0;0.0;55.0;0.0;0.0;27.0;0.0;0.0;0.0;0.0;0.0;23418200000.0;4202900000.0;7246030000.0;11553100000.0;7350210000.0;7364220000.0;836177000.0;172851000.0
SNSY5;PNA;SANSUY S.A. INDÚSTRIA DE PLÁSTICOS PNA;Materiais Diversos;2.14;25/05/2026;2.08;4.48;5378.0;16512200.0;261531000.0;31/03/2026;7716000;0.0;-5.0;-3988.0;-1.0;-30240.0;0.0;0.0;0.0;0.0;0.0;0.0;0.0;-87.0;0.0;0.0;0.0;0.0;0.0;0.0;0.0;0.0;566235000.0;5313000.0;320544000.0;250332000.0;245019000.0;-2333330000.0;-307747000.0;-82186000.0
SOJA3;ON NM;BOA SAFRA ON NM;Agropecuária;6.53;26/05/2026;6.34;11.07;7461750.0;926625000.0;1761270000.0;31/03/2026;141903000;-210.0;3758.0;17.0;69.0;942.0;0.0;0.0;0.0;0.0;0.0;0.0;0.0;34.0;0.0;0.0;43.0;0.0;0.0;0.0;0.0;0.0;3463520000.0;790921000.0;2353460000.0;1625570000.0;834645000.0;1336520000.0;24658000.0;5376000.0
SOND3;ON;SONDOTECNICA S/A. ON;Construção e Engenharia;38.66;13/01/2026;38.66;39.45;0.0;95026300.0;51083300.0;31/03/2026;2458000;0.0;281.0;1378.0;133.0;2911.0;0.0;0.0;0.0;0.0;0.0;0.0;0.0;370.0;0.0;0.0;387.0;0.0;0.0;0.0;0.0;0.0;130619000.0;44573000.0;84552000.0;630000.0;-43943000.0;71563000.0;33861000.0;4724000.0
SOND5;PNA;SONDOTECNICA S/A. PNA;Construção e Engenharia;76.0;14/05/2026;31.52;76.0;6556.0;186808000.0;142865000.0;31/03/2026;2458000;0.0;552.0;1378.0;261.0;2911.0;0.0;0.0;0.0;0.0;0.0;0.0;0.0;370.0;0.0;0.0;216.0;0.0;0.0;0.0;0.0;0.0;130619000.0;44573000.0;84552000.0;630000.0;-43943000.0;71563000.0;33861000.0;4724000.0
SOND6;PNB;SONDOTECNICA S/A. PNB;Construção e Engenharia;70.21;14/05/2026;29.59;77.77;1973.0;172576000.0;128633000.0;31/03/2026;2458000;0.0;510.0;1378.0;241.0;2911.0;0.0;0.0;0.0;0.0;0.0;0.0;0.0;370.0;0.0;0.0;234.0;0.0;0.0;0.0;0.0;0.0;130619000.0;44573000.0;84552000.0;630000.0;-43943000.0;71563000.0;33861000.0;4724000.0
SUZB3;ON;Suzano Papel ON;Madeira e Papel;41.68;26/05/2026;41.05;58.98;352580000.0;52688400000.0;121074000000.0;31/03/2026;1264120000;65.0;463.0;900.0;110.0;3800.0;0.0;0.0;0.0;0.0;0.0;0.0;0.0;57.0;0.0;0.0;0.0;0.0;0.0;0.0;0.0;0.0;165825000000.0;22349600000.0;42231500000.0;90735600000.0;68386000000.0;48036000000.0;11372800000.0;4305400000.0
SYNE3;ON NM;SYN PROP TEC ON NM;Exploração de Imóveis;3.82;26/05/2026;3.37;5.11;2203110.0;583100000.0;834970000.0;31/03/2026;152644000;-78.0;889.0;43.0;84.0;454.0;0.0;0.0;0.0;0.0;0.0;0.0;0.0;53.0;0.0;0.0;676.0;0.0;0.0;0.0;0.0;0.0;2247390000.0;215514000.0;258051000.0;467384000.0;251870000.0;692817000.0;65601000.0;19668000.0
TAEE11;UNT;TAESA UNT;Energia Elétrica;39.0;26/05/2026;30.77;44.38;90789600.0;13435500000.0;23514800000.0;31/03/2026;1033500000;-129.0;857.0;455.0;169.0;2310.0;0.0;0.0;0.0;0.0;0.0;0.0;0.0;98.0;0.0;0.0;84.0;0.0;0.0;0.0;0.0;0.0;23268700000.0;1603660000.0;3864130000.0;11683000000.0;10079300000.0;7959210000.0;1568350000.0;353646000.0
TAEE3;N2;TAESA N2;Energia Elétrica;12.99;26/05/2026;10.2;14.46;1570720.0;13425100000.0;23504400000.0;31/03/2026;1033500000;-84.0;856.0;152.0;169.0;770.0;0.0;0.0;0.0;0.0;0.0;0.0;0.0;98.0;0.0;0.0;84.0;0.0;0.0;0.0;0.0;0.0;23268700000.0;1603660000.0;3864130000.0;11683000000.0;10079300000.0;7959210000.0;1568350000.0;353646000.0
TAEE4;PN N2;TAESA PN N2;Energia Elétrica;13.17;26/05/2026;10.31;14.83;3064440.0;13611200000.0;23690500000.0;31/03/2026;1033500000;-45.0;868.0;152.0;171.0;770.0;0.0;0.0;0.0;0.0;0.0;0.0;0.0;98.0;0.0;0.0;83.0;0.0;0.0;0.0;0.0;0.0;23268700000.0;1603660000.0;3864130000.0;11683000000.0;10079300000.0;7959210000.0;1568350000.0;353646000.0
TASA3;ON;TAURUS ARMAS ON;Máquinas e Equipamentos;4.83;26/05/2026;4.66;7.95;63559.0;672809000.0;1213920000.0;31/03/2026;139298000;255.0;-1791.0;-27.0;57.0;852.0;0.0;0.0;0.0;0.0;0.0;0.0;0.0;-9.0;0.0;0.0;1.0;0.0;0.0;0.0;0.0;0.0;2474320000.0;318130000.0;1402480000.0;859241000.0;541111000.0;1187500000.0;-37572000.0;-36618000.0
TASA4;PN;TAURUS ARMAS PN;Máquinas e Equipamentos;4.61;26/05/2026;4.29;7.82;1600760.0;642164000.0;1183270000.0;31/03/2026;139298000;290.0;-1709.0;-27.0;54.0;852.0;0.0;0.0;0.0;0.0;0.0;0.0;0.0;-9.0;0.0;0.0;1.0;0.0;0.0;0.0;0.0;0.0;2474320000.0;318130000.0;1402480000.0;859241000.0;541111000.0;1187500000.0;-37572000.0;-36618000.0
TCSA3;ON NM;TECNISA ON NM;Construção Civil;1.14;26/05/2026;1.11;1.94;123003.0;83925700.0;592791000.0;31/03/2026;73619000;88.0;-74.0;-154.0;32.0;353.0;0.0;0.0;0.0;0.0;0.0;0.0;0.0;-90.0;0.0;0.0;0.0;0.0;0.0;0.0;0.0;0.0;989581000.0;45692000.0;291892000.0;554557000.0;508865000.0;260228000.0;-113467000.0;-20590000.0
TECN3;ON NM;TECHNOS ON NM;Tecidos, Vestuário e Calçados;8.51;26/05/2026;5.67;9.1;343700.0;518310000.0;535417000.0;31/03/2026;60906000;-196.0;705.0;121.0;118.0;719.0;0.0;0.0;0.0;0.0;0.0;0.0;0.0;139.0;0.0;0.0;49.0;0.0;0.0;0.0;0.0;0.0;680474000.0;25556000.0;444233000.0;42663000.0;17107000.0;437899000.0;73477000.0;6487000.0
TELB3;ON;TELEBRAS ON;Telecomunicações;12.4;26/05/2026;9.89;15.14;5262.0;1264590000.0;-276043000.0;31/03/2026;101983000;-425.0;2044.0;61.0;76.0;1630.0;0.0;0.0;0.0;0.0;0.0;0.0;0.0;-72.0;0.0;0.0;0.0;0.0;0.0;0.0;0.0;0.0;4391060000.0;1560610000.0;2407010000.0;19982000.0;-1540630000.0;1662600000.0;61866000.0;-89543000.0
TELB4;PN;TELEBRAS PN;Telecomunicações;7.81;26/05/2026;7.27;11.05;18643.0;796487000.0;-744145000.0;31/03/2026;101983000;-164.0;1287.0;61.0;48.0;1630.0;0.0;0.0;0.0;0.0;0.0;0.0;0.0;-72.0;0.0;0.0;0.0;0.0;0.0;0.0;0.0;0.0;4391060000.0;1560610000.0;2407010000.0;19982000.0;-1540630000.0;1662600000.0;61866000.0;-89543000.0
TEND3;ON NM;Tenda ON NM;Construção Civil;32.65;26/05/2026;19.38;34.75;86764900.0;4002170000.0;4327040000.0;31/03/2026;122578000;65.0;663.0;492.0;295.0;1108.0;0.0;0.0;0.0;0.0;0.0;0.0;0.0;100.0;0.0;0.0;38.0;0.0;0.0;0.0;0.0;0.0;7096360000.0;1090620000.0;4122040000.0;1415490000.0;324865000.0;1357900000.0;603595000.0;183430000.0
TFCO4;PN;TRACK FIELD PN;Tecidos, Vestuário e Calçados;14.5;26/05/2026;13.72;18.23;11905800.0;2221660000.0;2336860000.0;31/03/2026;153218000;-183.0;1546.0;94.0;378.0;384.0;0.0;0.0;0.0;0.0;0.0;0.0;0.0;223.0;0.0;0.0;21.0;0.0;0.0;0.0;0.0;0.0;1003130000.0;63637000.0;696965000.0;178837000.0;115200000.0;588427000.0;143679000.0;34543000.0
TGMA3;ON NM;Tegma ON NM;Transporte;31.75;26/05/2026;27.56;40.48;8525300.0;2095600000.0;2103800000.0;31/03/2026;66003000;0.0;880.0;361.0;230.0;1380.0;0.0;0.0;0.0;0.0;0.0;0.0;0.0;222.0;0.0;0.0;121.0;0.0;0.0;0.0;0.0;0.0;1366390000.0;184189000.0;649708000.0;192395000.0;8206020.0;911018000.0;238014000.0;38785000.0
TIMS3;ON NM;TIM ON NM;Telecomunicações;22.55;26/05/2026;18.39;28.21;130008000.0;53942400000.0;50903100000.0;31/03/2026;2392130000;-62.0;277040.0;1.0;221.0;1021.0;0.0;0.0;0.0;0.0;0.0;0.0;0.0;3.0;0.0;0.0;64.0;0.0;0.0;0.0;0.0;0.0;57796100000.0;5871320000.0;14086000000.0;2832000000.0;-3039320000.0;24420100000.0;19471000.0;817093000.0
TKNO4;PN;TEKNO PN;Siderurgia e Metalurgia;216.0;22/04/2026;71.4;223.0;3241.0;636768000.0;601396000.0;31/12/2025;2948000;0.0;2121.0;1018.0;220.0;9812.0;0.0;0.0;0.0;0.0;0.0;0.0;0.0;76.0;0.0;0.0;76.0;0.0;0.0;0.0;0.0;0.0;353075000.0;37365000.0;185103000.0;1993000.0;-35372000.0;289247000.0;30018000.0;7393000.0
TOKY3;ON;GRUPO TOKY ON;Programas e Serviços;0.15;26/05/2026;0.14;1.14;219904.0;32518000.0;509158000.0;31/12/2025;216787000;-625.0;-35.0;-43.0;7.0;204.0;0.0;0.0;0.0;0.0;0.0;0.0;0.0;-4.0;0.0;0.0;0.0;0.0;0.0;0.0;0.0;0.0;1834290000.0;30718000.0;585442000.0;507358000.0;476640000.0;443085000.0;-94089000.0;-61572900.0
TOTS3;ON NM;TOTVS ON NM;Programas e Serviços;31.48;26/05/2026;30.64;47.78;178401000.0;18869200000.0;22299200000.0;31/03/2026;599402000;-132.0;2038.0;154.0;380.0;828.0;0.0;0.0;0.0;0.0;0.0;0.0;0.0;175.0;0.0;0.0;21.0;0.0;0.0;0.0;0.0;0.0;13053600000.0;1432830000.0;3793420000.0;4862870000.0;3430040000.0;4963960000.0;925924000.0;228830000.0
TPIS3;ON NM;TRIUNFO PARTICIPACOES SA ON NM;Transporte;9.8;26/05/2026;3.2;11.32;655350.0;431200000.0;1613400000.0;31/03/2026;44000000;-131.0;-111.0;-880.0;86.0;1140.0;0.0;0.0;0.0;0.0;0.0;0.0;0.0;-144.0;0.0;0.0;56.0;0.0;0.0;0.0;0.0;0.0;2154800000.0;62148000.0;204848000.0;1244350000.0;1182200000.0;501764000.0;-387195000.0;-11424000.0
TRAD3;ON NM;TC ON NM;Programas e Serviços;1.35;26/05/2026;1.35;9.15;59783.0;54028400.0;50092400.0;31/03/2026;40021000;0.0;62.0;218.0;53.0;255.0;0.0;0.0;0.0;0.0;0.0;0.0;0.0;-538.0;0.0;0.0;0.0;0.0;0.0;0.0;0.0;0.0;114145000.0;5769000.0;16852000.0;1833000.0;-3936000.0;102037000.0;87303000.0;-10993000.0
TRIS3;ON NM;Trisul ON NM;Construção Civil;4.47;26/05/2026;4.08;7.56;2298060.0;1084500000.0;1537710000.0;31/03/2026;242618000;-89.0;568.0;79.0;73.0;609.0;0.0;0.0;0.0;0.0;0.0;0.0;0.0;53.0;0.0;0.0;192.0;0.0;0.0;0.0;0.0;0.0;3332630000.0;512691000.0;2776130000.0;965898000.0;453207000.0;1477880000.0;190903000.0;28323000.0
TTEN3;ON NM;3TENTOS ON NM;Agropecuária;15.88;26/05/2026;13.08;17.74;21133300.0;7951710000.0;10097000000.0;31/03/2026;500738000;-19.0;1116.0;142.0;167.0;953.0;0.0;0.0;0.0;0.0;0.0;0.0;0.0;37.0;0.0;0.0;11.0;0.0;0.0;0.0;0.0;0.0;14646100000.0;2590450000.0;9233630000.0;4735750000.0;2145300000.0;4773430000.0;712453000.0;89119000.0
TUPY3;ON;TUPY ON;Material de Transporte;12.65;26/05/2026;11.34;19.85;15959100.0;1675490000.0;3749500000.0;31/03/2026;132450000;-431.0;-226.0;-559.0;72.0;1750.0;0.0;0.0;0.0;0.0;0.0;0.0;0.0;15.0;0.0;0.0;0.0;0.0;0.0;0.0;0.0;0.0;9225620000.0;1821340000.0;5865080000.0;3895340000.0;2074010000.0;2317430000.0;-740919000.0;-96543000.0
TXRX3;ON;RENAUX ON;Tecidos, Vestuário e Calçados;9.98;08/04/2026;8.5;9.98;25.0;42504800.0;399499000.0;31/03/2026;4259000;0.0;-74.0;-1349.0;-10.0;-9798.0;0.0;0.0;0.0;0.0;0.0;0.0;0.0;-56.0;0.0;0.0;0.0;0.0;0.0;0.0;0.0;0.0;169196000.0;105000.0;66761000.0;357099000.0;356994000.0;-417293000.0;-57441000.0;-19024000.0
TXRX4;PN;RENAUX PN;Tecidos, Vestuário e Calçados;1.6;08/05/2026;1.56;2.0;246.0;6814400.0;363808000.0;31/03/2026;4259000;0.0;-12.0;-1349.0;-2.0;-9798.0;0.0;0.0;0.0;0.0;0.0;0.0;0.0;-56.0;0.0;0.0;0.0;0.0;0.0;0.0;0.0;0.0;169196000.0;105000.0;66761000.0;357099000.0;356994000.0;-417293000.0;-57441000.0;-19024000.0
UCAS3;ON NM;UNICASA ON NM;Utilidades Domésticas;1.35;26/05/2026;1.18;1.59;195811.0;89216100.0;200453000.0;31/03/2026;66086000;75.0;-673.0;-20.0;52.0;262.0;0.0;0.0;0.0;0.0;0.0;0.0;0.0;-49.0;0.0;0.0;0.0;0.0;0.0;0.0;0.0;0.0;410779000.0;41051000.0;110442000.0;152288000.0;111237000.0;173041000.0;-13248000.0;-7123000.0
UGPA3;ON;ULTRAPAR PARTICIPAÇÕES SA ON;Petróleo, Gás e Biocombustíveis;27.87;26/05/2026;14.68;30.69;177715000.0;31098700000.0;45062300000.0;31/03/2026;1115850000;-200.0;1038.0;269.0;189.0;1476.0;0.0;0.0;0.0;0.0;0.0;0.0;0.0;108.0;0.0;0.0;47.0;0.0;0.0;0.0;0.0;0.0;50217100000.0;7158530000.0;20795600000.0;21122000000.0;13963500000.0;16470400000.0;2996580000.0;875574000.0
UNIP3;ON;UNIPAR PARTICIPAÇÕES S.A. ON;Químicos;58.49;26/05/2026;41.49;65.8;482835.0;6619490000.0;9027970000.0;31/03/2026;113173000;-2.0;1767.0;331.0;353.0;1655.0;0.0;0.0;0.0;0.0;0.0;0.0;0.0;80.0;0.0;0.0;158.0;0.0;0.0;0.0;0.0;0.0;7460030000.0;1200450000.0;2531770000.0;3608940000.0;2408480000.0;1872670000.0;374712000.0;37472000.0
