papel;tipo;empresa;setor;cotacao;dt_ult_cotacao;min_52_sem;max_52_sem;vol_med;valor_mercado;valor_firma;ult_balanco_pro;nr_acoes;os_dia;pl;lpa;pvp;vpa;p_ebit;marg_bruta;psr;marg_ebit;p_ativo;marg_liquida;p_cap_giro;ebit_ativo;p_ativo_circ_liq;roic;div_yield;roe;ev_ebitda;liquidez_corr;ev_ebit;cres_rec;ativo;disponibilidades;ativo_circulante;divd_bruta;divd_liquida;patr_liquido;lucro_liquido_12m;lucro_liquido_3m
AALR3;ON NM;ALLIAR ON NM;Serv.Méd.Hospit. Análises e Diagnósticos;3.55;28/05/2026;2.56;6.76;188261.0;540874000.0;904074000.0;30/09/2025;152359000;143.0;-672.0;-53.0;51.0;700.0;0.0;0.0;0.0;0.0;0.0;0.0;0.0;29.0;0.0;0.0;0.0;0.0;0.0;0.0;0.0;0.0;3027410000.0;123751000.0;811048000.0;486951000.0;363200000.0;1066930000.0;-80486000.0;7854000.0
ABCB4;PN N2;ABC Brasil PN N2;Intermediários Financeiros;24.46;28/05/2026;18.83;28.12;17688000.0;6374300000.0;0.0;31/03/2026;260601000;-20.0;633.0;386.0;89.0;2743.0;0.0;0.0;0.0;0.0;0.0;0.0;0.0;0.0;0.0;0.0;100.0;0.0;0.0;0.0;0.0;0.0;67081600000.0;0.0;0.0;0.0;0.0;7147590000.0;1006640000.0;230210000.0
ABEV3;ON;AMBEV S/A ON;Bebidas;16.29;28/05/2026;11.13;16.95;439591000.0;256790000000.0;240255000000.0;31/03/2026;15763700000;-193.0;1648.0;99.0;285.0;572.0;0.0;0.0;0.0;0.0;0.0;0.0;0.0;143.0;0.0;0.0;53.0;0.0;0.0;0.0;0.0;0.0;142761000000.0;19640600000.0;42833300000.0;3105730000.0;-16534900000.0;90125800000.0;15577700000.0;3768260000.0
ADHM3;ON;ADVANCED-DH ON;;1.56;28/12/2020;1.07;3.24;2064.0;25440500.0;25440500.0;30/09/2019;16308000;0.0;-409.0;-38.0;-129.0;-121.0;0.0;0.0;0.0;0.0;0.0;0.0;0.0;-18475.0;0.0;0.0;0.0;0.0;0.0;0.0;0.0;0.0;242000.0;0.0;23000.0;0.0;0.0;-19776000.0;-6224000.0;-2492000.0
ADMF3;ON NM;CIABRASF ON NM;Holdings Diversificadas;20.0;01/04/2026;10.0;128.99;98.0;116680000.0;116634000.0;31/03/2026;5834000;0.0;-25.0;-8053.0;-2143.0;-93.0;0.0;0.0;0.0;0.0;0.0;0.0;0.0;-4271.0;0.0;0.0;0.0;0.0;0.0;0.0;0.0;0.0;4441000.0;46000.0;4441000.0;0.0;-46000.0;-5444000.0;-469787000.0;-4716000.0
AERI3;ON NM;AERIS ON NM;Máquinas e Equipamentos;2.32;28/05/2026;2.28;4.5;152656.0;144119000.0;2006540000.0;31/03/2026;62120200;-43.0;-15.0;-1521.0;-17.0;-1347.0;0.0;0.0;0.0;0.0;0.0;0.0;0.0;-294.0;0.0;0.0;0.0;0.0;0.0;0.0;0.0;0.0;1515040000.0;18815000.0;407620000.0;1881240000.0;1862420000.0;-836456000.0;-944670000.0;-138001000.0
AFLT3;ON;AFLUENTE T ON;Energia Elétrica;7.24;26/05/2026;6.42;7.75;2867.0;456735000.0;437883000.0;31/03/2026;63085000;0.0;1390.0;52.0;175.0;413.0;0.0;0.0;0.0;0.0;0.0;0.0;0.0;127.0;0.0;0.0;52.0;0.0;0.0;0.0;0.0;0.0;366433000.0;45122000.0;127656000.0;26270000.0;-18852000.0;260421000.0;32858000.0;12974000.0
AGRO3;ON NM;BRASILAGRO ON NM;Agropecuária;18.8;28/05/2026;18.59;22.48;4487200.0;1930450000.0;3280280000.0;31/03/2026;102683000;-27.0;-13056.0;-14.0;95.0;1988.0;0.0;0.0;0.0;0.0;0.0;0.0;0.0;-2.0;0.0;0.0;40.0;0.0;0.0;0.0;0.0;0.0;3821220000.0;94033000.0;1200320000.0;1443870000.0;1349840000.0;2041050000.0;-14786000.0;-14302000.0
AGXY3;ON NM;AGROGALAXY ON NM;Agropecuária;1.85;28/05/2026;1.85;6.58;54031.0;35093700.0;982297000.0;30/09/2025;18969600;0.0;3.0;6468.0;-19.0;-978.0;0.0;0.0;0.0;0.0;0.0;0.0;0.0;-327.0;0.0;0.0;0.0;0.0;0.0;0.0;0.0;0.0;2215350000.0;57512000.0;917238000.0;1004720000.0;947203000.0;-185458000.0;1226880000.0;-639118000.0
AHEB3;ON;PARQUE ANHEMBI ON;Viagens e Lazer;23.9;19/05/2026;21.5;43.0;2660.0;204202000.0;121686000.0;31/03/2026;8544000;0.0;412.0;580.0;70.0;3423.0;0.0;0.0;0.0;0.0;0.0;0.0;0.0;91.0;0.0;0.0;0.0;0.0;0.0;0.0;0.0;0.0;598698000.0;84996000.0;257755000.0;2480000.0;-82516000.0;292484000.0;49540000.0;8404000.0
ALLD3;ON NM;ALLIED ON NM;Comércio;5.87;28/05/2026;4.94;8.24;2885850.0;563294000.0;698034000.0;31/03/2026;95961500;-17.0;165.0;357.0;37.0;1602.0;0.0;0.0;0.0;0.0;0.0;0.0;0.0;43.0;0.0;0.0;514.0;0.0;0.0;0.0;0.0;0.0;3390300000.0;290420000.0;2446600000.0;425160000.0;134740000.0;1537550000.0;342338000.0;24687000.0
ALOS3;ON;ALLOS ON;Exploração de Imóveis;28.63;28/05/2026;19.43;33.15;163282000.0;14435000000.0;12279300000.0;31/03/2026;504191000;28.0;1744.0;164.0;111.0;2571.0;0.0;0.0;0.0;0.0;0.0;0.0;0.0;57.0;0.0;0.0;90.0;0.0;0.0;0.0;0.0;0.0;24860200000.0;2155690000.0;2933950000.0;0.0;-2155690000.0;12964600000.0;827798000.0;248302000.0
ALPA3;ON N1;ALPARGATAS ON N1;Tecidos, Vestuário e Calçados;10.28;28/05/2026;6.22;13.33;456372.0;7021880000.0;7501620000.0;31/03/2026;683062000;-68.0;1134.0;91.0;203.0;506.0;0.0;0.0;0.0;0.0;0.0;0.0;0.0;136.0;0.0;0.0;170.0;0.0;0.0;0.0;0.0;0.0;6287100000.0;794729000.0;3021730000.0;1274470000.0;479745000.0;3458800000.0;619256000.0;162809000.0
ALPA4;PN N1;ALPARGATAS PN N1;Tecidos, Vestuário e Calçados;12.61;28/05/2026;7.18;16.06;26727400.0;8613410000.0;9093160000.0;31/03/2026;683062000;-32.0;1391.0;91.0;249.0;506.0;0.0;0.0;0.0;0.0;0.0;0.0;0.0;136.0;0.0;0.0;142.0;0.0;0.0;0.0;0.0;0.0;6287100000.0;794729000.0;3021730000.0;1274470000.0;479745000.0;3458800000.0;619256000.0;162809000.0
ALPK3;ON NM;ESTAPAR ON NM;Serviços Diversos;4.55;28/05/2026;2.8;5.39;632687.0;997841000.0;2255400000.0;31/03/2026;219306000;202.0;7373.0;6.0;276.0;165.0;0.0;0.0;0.0;0.0;0.0;0.0;0.0;99.0;0.0;0.0;2.0;0.0;0.0;0.0;0.0;0.0;2596930000.0;261921000.0;518545000.0;1519480000.0;1257560000.0;361758000.0;13533000.0;1788000.0
ALUP11;UNT N2;ALUPAR UNT N2;Energia Elétrica;32.81;28/05/2026;28.11;36.54;32230700.0;10815100000.0;20140500000.0;31/03/2026;988881000;-58.0;970.0;338.0;116.0;2817.0;0.0;0.0;0.0;0.0;0.0;0.0;0.0;79.0;0.0;0.0;33.0;0.0;0.0;0.0;0.0;0.0;34341800000.0;5246160000.0;8297840000.0;14571600000.0;9325490000.0;9286800000.0;1114850000.0;198067000.0
ALUP3;ON N2;ALUPAR ON N2;Energia Elétrica;12.2;28/05/2026;9.96;13.91;63520.0;12064300000.0;21389800000.0;31/03/2026;988881000;83.0;1082.0;113.0;130.0;939.0;0.0;0.0;0.0;0.0;0.0;0.0;0.0;79.0;0.0;0.0;30.0;0.0;0.0;0.0;0.0;0.0;34341800000.0;5246160000.0;8297840000.0;14571600000.0;9325490000.0;9286800000.0;1114850000.0;198067000.0
ALUP4;PN N2;ALUPAR PN N2;Energia Elétrica;10.33;28/05/2026;9.02;11.46;177073.0;10215100000.0;19540600000.0;31/03/2026;988881000;10.0;916.0;113.0;110.0;939.0;0.0;0.0;0.0;0.0;0.0;0.0;0.0;79.0;0.0;0.0;35.0;0.0;0.0;0.0;0.0;0.0;34341800000.0;5246160000.0;8297840000.0;14571600000.0;9325490000.0;9286800000.0;1114850000.0;198067000.0
AMAR3;ON NM;LOJAS MARISA ON NM;Comércio;0.65;28/05/2026;0.65;1.48;140114.0;333785000.0;1141710000.0;31/03/2026;513516000;-152.0;-211.0;-31.0;259.0;25.0;0.0;0.0;0.0;0.0;0.0;0.0;0.0;84.0;0.0;0.0;0.0;0.0;0.0;0.0;0.0;0.0;2038200000.0;10626000.0;572272000.0;818551000.0;807925000.0;128818000.0;-158161000.0;-95815000.0
AMBP3;ON NM;AMBIPAR ON NM;Água e Saneamento;0.17;28/05/2026;0.17;19.57;1018280.0;283971000.0;6640380000.0;30/06/2025;1670420000;0.0;-111.0;-15.0;26.0;65.0;0.0;0.0;0.0;0.0;0.0;0.0;0.0;67.0;0.0;0.0;0.0;0.0;0.0;0.0;0.0;0.0;16918400000.0;4684890000.0;7328510000.0;11041300000.0;6356410000.0;1093330000.0;-256625000.0;-171760000.0
AMER3;ON;AMERICANAS ON;Comércio;5.17;28/05/2026;4.65;8.07;18888600.0;1035270000.0;2554270000.0;31/03/2026;200245000;-58.0;-995.0;-52.0;23.0;2212.0;0.0;0.0;0.0;0.0;0.0;0.0;0.0;-44.0;0.0;0.0;0.0;0.0;0.0;0.0;0.0;0.0;16167000000.0;550000000.0;7757000000.0;2069000000.0;1519000000.0;4430000000.0;-104000000.0;-329000000.0
AMOB3;ON NM;AUTOMOB ON NM;Automóveis e Motocicletas;14.05;28/05/2026;10.3;15.01;662769.0;532298000.0;3047550000.0;31/03/2026;37886000;-50.0;-173.0;-810.0;27.0;5179.0;0.0;0.0;0.0;0.0;0.0;0.0;0.0;29.0;0.0;0.0;0.0;0.0;0.0;0.0;0.0;0.0;8435990000.0;488194000.0;4721900000.0;3003450000.0;2515260000.0;1962210000.0;-307011000.0;-56750000.0
ANIM3;ON NM;ANIMA ON NM;Diversos;3.31;28/05/2026;2.88;5.17;26707900.0;1336810000.0;5479650000.0;31/03/2026;403869000;-60.0;996.0;33.0;56.0;592.0;0.0;0.0;0.0;0.0;0.0;0.0;0.0;115.0;0.0;0.0;23.0;0.0;0.0;0.0;0.0;0.0;10556000000.0;1732160000.0;2713580000.0;5875010000.0;4142850000.0;2388890000.0;134244000.0;106213000.0
ARML3;ON NM;ARMAC ON NM;Diversos;3.76;28/05/2026;2.61;6.17;6293050.0;1302820000.0;3463000000.0;31/03/2026;346494000;0.0;2575.0;15.0;102.0;369.0;0.0;0.0;0.0;0.0;0.0;0.0;0.0;71.0;0.0;0.0;146.0;0.0;0.0;0.0;0.0;0.0;5628600000.0;1033850000.0;2010420000.0;3194030000.0;2160190000.0;1277800000.0;50588000.0;-3338000.0
ARND3;ON NM;ARANDU ON NM;Programas e Serviços;0.66;28/05/2026;0.61;4.1;1020.0;93054600.0;90775600.0;30/09/2025;140992000;-435.0;-21.0;-311.0;79.0;83.0;0.0;0.0;0.0;0.0;0.0;0.0;0.0;-81.0;0.0;0.0;0.0;0.0;0.0;0.0;0.0;0.0;293011000.0;100441000.0;182125000.0;98162000.0;-2279000.0;117149000.0;-438550000.0;-48598000.0
ASAI3;ON NM;ASSAI ON NM;Comércio e Distribuição;8.98;28/05/2026;7.02;11.73;125633000.0;12154700000.0;24162700000.0;31/03/2026;1353530000;-292.0;1736.0;52.0;206.0;435.0;0.0;0.0;0.0;0.0;0.0;0.0;0.0;132.0;0.0;0.0;12.0;0.0;0.0;0.0;0.0;0.0;47199000000.0;4366000000.0;17408000000.0;16374000000.0;12008000000.0;5887000000.0;700000000.0;320000000.0
ATED3;ON;ATOM EDUC ON;Diversos;2.21;28/05/2026;1.78;2.51;19330.0;52609000.0;51156000.0;31/03/2026;23805000;45.0;-1057.0;-21.0;324.0;68.0;0.0;0.0;0.0;0.0;0.0;0.0;0.0;17.0;0.0;0.0;0.0;0.0;0.0;0.0;0.0;0.0;21127000.0;2696000.0;8793000.0;1243000.0;-1453000.0;16248000.0;-4975000.0;-1901000.0
AUAU3;ON NM;PETZCOBASI ON NM;Comércio;3.33;28/05/2026;2.8;3.87;13433500.0;2866440000.0;2708510000.0;31/03/2026;860794000;-206.0;0.0;0.0;93.0;359.0;0.0;0.0;0.0;0.0;0.0;0.0;0.0;0.0;0.0;0.0;9.0;0.0;0.0;0.0;0.0;0.0;6835590000.0;544314000.0;2265170000.0;386382000.0;-157932000.0;3091700000.0;0.0;39398000.0
AURA33;DR3;AURA 360 DR3;Mineração;127.45;28/05/2026;42.02;179.86;112275000.0;27681600000.0;28418900000.0;31/03/2026;217196000;126.0;5889.0;216.0;1757.0;725.0;0.0;0.0;0.0;0.0;0.0;0.0;0.0;396.0;0.0;0.0;12.0;0.0;0.0;0.0;0.0;0.0;8585180000.0;1397700000.0;2693960000.0;2134990000.0;737288000.0;1575520000.0;470084000.0;500444000.0
AURE3;ON NM;AUREN ON NM;Energia Elétrica;12.4;28/05/2026;8.94;14.61;48387900.0;13024700000.0;33309100000.0;31/03/2026;1050380000;0.0;-1007.0;-123.0;109.0;1134.0;0.0;0.0;0.0;0.0;0.0;0.0;0.0;25.0;0.0;0.0;0.0;0.0;0.0;0.0;0.0;0.0;47381500000.0;3571880000.0;7409420000.0;23856300000.0;20284400000.0;11909600000.0;-1293870000.0;-621338000.0
AVLL3;ON NM;ALPHAVILLE ON NM;Construção Civil;0.63;28/05/2026;0.63;2.35;43218.0;123058000.0;696747000.0;31/03/2026;195330000;0.0;-91.0;-69.0;-56.0;-113.0;0.0;0.0;0.0;0.0;0.0;0.0;0.0;99.0;0.0;0.0;0.0;0.0;0.0;0.0;0.0;0.0;1304640000.0;175794000.0;515027000.0;749483000.0;573689000.0;-221547000.0;-134549000.0;-36021000.0
AXIA3;ON N1;AXIA ENERGIA ON N1;Energia Elétrica;52.7;28/05/2026;27.74;67.15;586514000.0;153643000000.0;199490000000.0;31/03/2026;2915430000;25.0;1610.0;327.0;127.0;4155.0;0.0;0.0;0.0;0.0;0.0;0.0;0.0;26.0;0.0;0.0;55.0;0.0;0.0;0.0;0.0;0.0;279913000000.0;27677200000.0;55252600000.0;73523600000.0;45846400000.0;121148000000.0;9541180000.0;2629670000.0
AXIA6;PNB N1;AXIA ENERGIA PNB N1;Energia Elétrica;57.9;28/05/2026;29.62;73.5;119558000.0;168803000000.0;214650000000.0;31/03/2026;2915430000;-26.0;1769.0;327.0;139.0;4155.0;0.0;0.0;0.0;0.0;0.0;0.0;0.0;26.0;0.0;0.0;55.0;0.0;0.0;0.0;0.0;0.0;279913000000.0;27677200000.0;55252600000.0;73523600000.0;45846400000.0;121148000000.0;9541180000.0;2629670000.0
AZEV3;ON;AZEVEDO & TRAVASSOS ON;Construção e Engenharia;0.17;28/05/2026;0.17;0.61;266574.0;100769000.0;304346000.0;31/03/2026;592756000;-556.0;-17.0;-102.0;89.0;19.0;0.0;0.0;0.0;0.0;0.0;0.0;0.0;-165.0;0.0;0.0;0.0;0.0;0.0;0.0;0.0;0.0;1330930000.0;39504000.0;374349000.0;243081000.0;203577000.0;112658000.0;-603823000.0;954000.0
AZEV4;PN;AZEVEDO & TRAVASSOS PN;Construção e Engenharia;0.13;28/05/2026;0.13;0.73;786558.0;77058300.0;280635000.0;31/03/2026;592756000;0.0;-13.0;-102.0;68.0;19.0;0.0;0.0;0.0;0.0;0.0;0.0;0.0;-165.0;0.0;0.0;0.0;0.0;0.0;0.0;0.0;0.0;1330930000.0;39504000.0;374349000.0;243081000.0;203577000.0;112658000.0;-603823000.0;954000.0
AZTE3;ON;AZT ENERGIA ON;Petróleo, Gás e Biocombustíveis;0.21;28/05/2026;0.21;0.69;1286680.0;75411600.0;77129600.0;31/03/2026;359103000;0.0;-968.0;-2.0;31.0;68.0;0.0;0.0;0.0;0.0;0.0;0.0;0.0;-22.0;0.0;0.0;0.0;0.0;0.0;0.0;0.0;0.0;270077000.0;434000.0;4472000.0;2152000.0;1718000.0;245544000.0;-7794000.0;-2472000.0
AZUL4;PN;AZUL PN;Transporte;0.81;22/12/2025;0.55;1.51;0.0;296532000.0;18851000000.0;31/03/2026;366089000;0.0;7.0;1227.0;-8.0;-1031.0;0.0;0.0;0.0;0.0;0.0;0.0;0.0;112.0;0.0;0.0;0.0;0.0;0.0;0.0;0.0;0.0;31166500000.0;2088030000.0;7227970000.0;20642500000.0;18554400000.0;-3774370000.0;4491650000.0;6020390000.0
AZZA3;ON;AZZAS 2154 ON;Comércio;19.85;28/05/2026;18.5;41.16;76324000.0;4098830000.0;6279830000.0;31/03/2026;206490000;-387.0;493.0;403.0;51.0;3877.0;0.0;0.0;0.0;0.0;0.0;0.0;0.0;64.0;0.0;0.0;125.0;0.0;0.0;0.0;0.0;0.0;15193900000.0;1063200000.0;6692580000.0;3244210000.0;2181010000.0;8005540000.0;832019000.0;38596000.0
B3SA3;ON;B3 ON;Serviços Financeiros Diversos;16.5;28/05/2026;11.86;19.84;639585000.0;83267200000.0;82640400000.0;31/03/2026;5046500000;12.0;1680.0;98.0;456.0;362.0;0.0;0.0;0.0;0.0;0.0;0.0;0.0;145.0;0.0;0.0;38.0;0.0;0.0;0.0;0.0;0.0;48574000000.0;15617000000.0;17945700000.0;14990200000.0;-626862000.0;18255700000.0;4956510000.0;1476970000.0
BALM3;ON;BAUMER ON;Equipamentos;25.18;21/05/2026;16.87;29.05;248.0;246764000.0;198809000.0;31/03/2026;9800000;0.0;1281.0;197.0;155.0;1629.0;0.0;0.0;0.0;0.0;0.0;0.0;0.0;144.0;0.0;0.0;191.0;0.0;0.0;0.0;0.0;0.0;282119000.0;68991000.0;207182000.0;21036000.0;-47955000.0;159668000.0;19264000.0;4648000.0
BALM4;PN;BAUMER PN;Equipamentos;20.05;26/05/2026;12.08;20.1;11513.0;196490000.0;148535000.0;31/03/2026;9800000;0.0;1020.0;197.0;123.0;1629.0;0.0;0.0;0.0;0.0;0.0;0.0;0.0;144.0;0.0;0.0;240.0;0.0;0.0;0.0;0.0;0.0;282119000.0;68991000.0;207182000.0;21036000.0;-47955000.0;159668000.0;19264000.0;4648000.0
BAUH4;PN;EXCELSIOR PN;Alimentos Processados;93.9;08/05/2026;70.14;93.9;4152.0;490346000.0;412804000.0;31/03/2026;5222000;0.0;0.0;0.0;331.0;2838.0;0.0;0.0;0.0;0.0;0.0;0.0;0.0;0.0;0.0;0.0;12.0;0.0;0.0;0.0;0.0;0.0;219614000.0;77542000.0;125168000.0;0.0;-77542000.0;148175000.0;0.0;6163000.0
BAZA3;ON;BANCO DA AMAZONIA S.A. ON;Intermediários Financeiros;69.2;28/05/2026;66.8;88.98;488479.0;3879210000.0;0.0;31/03/2026;56058000;7.0;459.0;1508.0;54.0;12813.0;0.0;0.0;0.0;0.0;0.0;0.0;0.0;0.0;0.0;0.0;0.0;0.0;0.0;0.0;0.0;0.0;64644400000.0;0.0;0.0;0.0;0.0;7182830000.0;845498000.0;47537000.0
BBAS3;ON;BANCO DO BRASIL S.A. ON;Intermediários Financeiros;20.61;28/05/2026;18.1;27.52;519553000.0;118112000000.0;0.0;31/03/2026;5730830000;-218.0;821.0;251.0;63.0;3255.0;0.0;0.0;0.0;0.0;0.0;0.0;0.0;0.0;0.0;0.0;40.0;0.0;0.0;0.0;0.0;0.0;2564000000000.0;0.0;0.0;0.0;0.0;186520000000.0;14385800000.0;3032860000.0
BBDC3;ON N1;BANCO BRADESCO S.A. ON N1;Intermediários Financeiros;15.59;28/05/2026;12.54;18.45;101317000.0;165129000000.0;0.0;31/03/2026;10592000000;-32.0;694.0;224.0;95.0;1638.0;0.0;0.0;0.0;0.0;0.0;0.0;0.0;0.0;0.0;0.0;88.0;0.0;0.0;0.0;0.0;0.0;1953400000000.0;0.0;0.0;0.0;0.0;173549000000.0;23777200000.0;5030150000.0
BBDC4;PN N1;BANCO BRADESCO S.A. PN N1;Intermediários Financeiros;17.9;28/05/2026;14.61;21.43;612811000.0;189597000000.0;0.0;31/03/2026;10592000000;-56.0;797.0;224.0;109.0;1638.0;0.0;0.0;0.0;0.0;0.0;0.0;0.0;0.0;0.0;0.0;84.0;0.0;0.0;0.0;0.0;0.0;1953400000000.0;0.0;0.0;0.0;0.0;173549000000.0;23777200000.0;5030150000.0
BBSE3;ON NM;BBSEGURIDADE ON NM;Previdência e Seguros;34.58;28/05/2026;29.44;36.41;175617000.0;67133600000.0;0.0;31/03/2026;1941400000;-80.0;730.0;473.0;531.0;651.0;0.0;0.0;0.0;0.0;0.0;0.0;0.0;510.0;0.0;0.0;135.0;0.0;0.0;0.0;0.0;0.0;19619000000.0;0.0;0.0;0.0;0.0;12641100000.0;9192500000.0;2139440000.0
BDLL3;ON;BARDELLA ON;Máquinas e Equipamentos;6.0;22/05/2026;6.0;9.9;209.0;9600000.0;184090000.0;31/03/2026;1600000;0.0;-50.0;-1192.0;-4.0;-15791.0;0.0;0.0;0.0;0.0;0.0;0.0;0.0;-43.0;0.0;0.0;0.0;0.0;0.0;0.0;0.0;0.0;381562000.0;7524000.0;136063000.0;182014000.0;174490000.0;-252658000.0;-19073000.0;-7968000.0
BDLL4;PN;BARDELLA PN;Máquinas e Equipamentos;3.77;25/05/2026;3.15;8.4;10388.0;6032000.0;180522000.0;31/03/2026;1600000;0.0;-32.0;-1192.0;-2.0;-15791.0;0.0;0.0;0.0;0.0;0.0;0.0;0.0;-43.0;0.0;0.0;0.0;0.0;0.0;0.0;0.0;0.0;381562000.0;7524000.0;136063000.0;182014000.0;174490000.0;-252658000.0;-19073000.0;-7968000.0
BEEF3;ON NM;Minerva ON NM;Alimentos Processados;3.97;28/05/2026;3.61;7.18;70292000.0;3972140000.0;17662500000.0;31/03/2026;1000540000;206.0;558.0;71.0;315.0;126.0;0.0;0.0;0.0;0.0;0.0;0.0;0.0;94.0;0.0;0.0;49.0;0.0;0.0;0.0;0.0;0.0;41644300000.0;10882100000.0;24253400000.0;24572500000.0;13690300000.0;1260430000.0;711778000.0;57658000.0
BEES3;ON;BANESTES S/A ON;Intermediários Financeiros;8.7;28/05/2026;7.04;9.27;87824.0;3023280000.0;0.0;31/03/2026;347504000;93.0;672.0;129.0;124.0;702.0;0.0;0.0;0.0;0.0;0.0;0.0;0.0;0.0;0.0;0.0;91.0;0.0;0.0;0.0;0.0;0.0;40167300000.0;0.0;0.0;0.0;0.0;2439940000.0;449596000.0;90703000.0
BEES4;PN;BANESTES S/A PN;Intermediários Financeiros;8.68;28/05/2026;7.04;9.27;37705.0;3016330000.0;0.0;31/03/2026;347504000;12.0;671.0;129.0;124.0;702.0;0.0;0.0;0.0;0.0;0.0;0.0;0.0;0.0;0.0;0.0;91.0;0.0;0.0;0.0;0.0;0.0;40167300000.0;0.0;0.0;0.0;0.0;2439940000.0;449596000.0;90703000.0
BGIP3;ON;BANESE ON;Intermediários Financeiros;51.74;28/05/2026;27.33;64.2;32197.0;1194260000.0;0.0;31/03/2026;23082000;-147.0;745.0;694.0;123.0;4207.0;0.0;0.0;0.0;0.0;0.0;0.0;0.0;0.0;0.0;0.0;60.0;0.0;0.0;0.0;0.0;0.0;13093000000.0;0.0;0.0;0.0;0.0;971103000.0;160282000.0;30564000.0
BGIP4;PN;BANESE PN;Intermediários Financeiros;32.82;28/05/2026;23.69;38.95;80111.0;757551000.0;0.0;31/03/2026;23082000;145.0;473.0;694.0;78.0;4207.0;0.0;0.0;0.0;0.0;0.0;0.0;0.0;0.0;0.0;0.0;104.0;0.0;0.0;0.0;0.0;0.0;13093000000.0;0.0;0.0;0.0;0.0;971103000.0;160282000.0;30564000.0
BHIA3;ON;CASAS BAHIA ON;Comércio;1.38;28/05/2026;1.26;5.15;14082300.0;1346690000.0;7191690000.0;31/03/2026;975865000;-72.0;-37.0;-373.0;76.0;182.0;0.0;0.0;0.0;0.0;0.0;0.0;0.0;70.0;0.0;0.0;0.0;0.0;0.0;0.0;0.0;0.0;33330000000.0;1532000000.0;15317000000.0;7377000000.0;5845000000.0;1778000000.0;-3644000000.0;-1064000000.0
BIED3;ON;BIOMA EDUC ON;Diversos;8.39;28/05/2026;2.9;10.04;25503.0;223453000.0;254913000.0;31/03/2026;26633200;982.0;-435.0;-193.0;1355.0;62.0;0.0;0.0;0.0;0.0;0.0;0.0;0.0;21.0;0.0;0.0;0.0;0.0;0.0;0.0;0.0;0.0;398752000.0;18548000.0;51220000.0;50008000.0;31460000.0;16492000.0;-51336000.0;-2595000.0
BIOM3;ON;BIOMM SA ON;Medicamentos e Outros Produtos;6.98;28/05/2026;5.9;10.3;8770840.0;955227000.0;1014310000.0;31/03/2026;136852000;116.0;3971.0;18.0;295.0;236.0;0.0;0.0;0.0;0.0;0.0;0.0;0.0;59.0;0.0;0.0;0.0;0.0;0.0;0.0;0.0;0.0;573452000.0;30817000.0;321602000.0;89900000.0;59083000.0;323358000.0;24057000.0;19009000.0
BLAU3;ON NM;BLAU ON NM;Comércio e Distribuição;10.99;28/05/2026;8.54;11.6;2745030.0;2563000000.0;2581110000.0;31/03/2026;233212000;290.0;1051.0;105.0;112.0;984.0;0.0;0.0;0.0;0.0;0.0;0.0;0.0;96.0;0.0;0.0;61.0;0.0;0.0;0.0;0.0;0.0;3573700000.0;542184000.0;1827920000.0;560288000.0;18104000.0;2293680000.0;243789000.0;39768000.0
BLUT3;ON;B TECH EQI ON;Outros;5.14;20/09/2022;3.72;8.88;3092.0;26229400.0;32977400.0;31/12/2021;5103000;0.0;-563.0;-91.0;46.0;1109.0;0.0;0.0;0.0;0.0;0.0;0.0;0.0;-3.0;0.0;0.0;0.0;0.0;0.0;0.0;0.0;0.0;189948000.0;0.0;66000.0;6748000.0;6748000.0;56569000.0;-4662000.0;-685000.0
BLUT4;PN;B TECH EQI PN;Outros;1.52;20/09/2022;1.52;4.0;10453.0;7756560.0;14504600.0;31/12/2021;5103000;0.0;-166.0;-91.0;14.0;1109.0;0.0;0.0;0.0;0.0;0.0;0.0;0.0;-3.0;0.0;0.0;0.0;0.0;0.0;0.0;0.0;0.0;189948000.0;0.0;66000.0;6748000.0;6748000.0;56569000.0;-4662000.0;-685000.0
BMEB3;ON;BANCO MERCANTIL DO BRASIL S/A ON;Intermediários Financeiros;64.0;28/05/2026;26.71;74.9;463827.0;7918660000.0;0.0;31/03/2026;123729000;454.0;1008.0;635.0;265.0;2412.0;0.0;0.0;0.0;0.0;0.0;0.0;0.0;0.0;0.0;0.0;23.0;0.0;0.0;0.0;0.0;0.0;37969500000.0;0.0;0.0;0.0;0.0;2984780000.0;785871000.0;273100000.0
BMEB4;PN;BANCO MERCANTIL DO BRASIL S/A PN;Intermediários Financeiros;85.72;28/05/2026;33.5;86.59;2064220.0;10606100000.0;0.0;31/03/2026;123729000;8.0;1350.0;635.0;355.0;2412.0;0.0;0.0;0.0;0.0;0.0;0.0;0.0;0.0;0.0;0.0;19.0;0.0;0.0;0.0;0.0;0.0;37969500000.0;0.0;0.0;0.0;0.0;2984780000.0;785871000.0;273100000.0
BMGB4;PN N1;BANCO BMG PN N1;Intermediários Financeiros;5.1;28/05/2026;3.06;5.8;7148560.0;3306250000.0;0.0;31/03/2026;648284000;-135.0;558.0;91.0;78.0;654.0;0.0;0.0;0.0;0.0;0.0;0.0;0.0;0.0;0.0;0.0;97.0;0.0;0.0;0.0;0.0;0.0;51393300000.0;0.0;0.0;0.0;0.0;4240870000.0;592889000.0;147090000.0
BMIN4;PN;BANCO MERCANTIL DE INVESTIMENTOS SA PN;Intermediários Financeiros;17.6;21/05/2026;15.57;24.15;3576.0;84920000.0;0.0;31/03/2026;4825000;0.0;748.0;235.0;59.0;3007.0;0.0;0.0;0.0;0.0;0.0;0.0;0.0;0.0;0.0;0.0;80.0;0.0;0.0;0.0;0.0;0.0;633493000.0;0.0;0.0;0.0;0.0;145067000.0;11347000.0;3703000.0
BMKS3;ON;MONARK ON;Viagens e Lazer;372.0;28/05/2026;272.85;402.44;34541.0;169167000.0;6640020.0;31/03/2026;454750;0.0;284.0;13097.0;82.0;45444.0;0.0;0.0;0.0;0.0;0.0;0.0;0.0;-85.0;0.0;0.0;350.0;0.0;0.0;0.0;0.0;0.0;251521000.0;164765000.0;181463000.0;2238000.0;-162527000.0;206657000.0;59558000.0;3729000.0
BMOB3;ON NM;BEMOBI TECH ON NM;Programas e Serviços;24.35;28/05/2026;17.56;28.2;17688800.0;2084560000.0;1776240000.0;31/03/2026;85608400;-61.0;1305.0;187.0;214.0;1138.0;0.0;0.0;0.0;0.0;0.0;0.0;0.0;78.0;0.0;0.0;88.0;0.0;0.0;0.0;0.0;0.0;2026430000.0;349216000.0;1443770000.0;40893000.0;-308323000.0;974187000.0;159700000.0;34212000.0
BNBR3;ON;BANCO DO NORDESTE ON;Intermediários Financeiros;107.0;28/05/2026;85.44;121.5;28914.0;10560900000.0;0.0;31/03/2026;98700000;0.0;327.0;3273.0;64.0;16819.0;0.0;0.0;0.0;0.0;0.0;0.0;0.0;0.0;0.0;0.0;66.0;0.0;0.0;0.0;0.0;0.0;75643700000.0;0.0;0.0;0.0;0.0;16600600000.0;3230310000.0;488016000.0
BOBR4;PN;BOMBRIL SA PN;Produtos de Uso Pessoal e de Limpeza;1.22;27/05/2026;1.16;1.68;6445.0;317822000.0;471284000.0;30/09/2025;260510000;0.0;-20.0;-608.0;-20.0;-608.0;0.0;0.0;0.0;0.0;0.0;0.0;0.0;183.0;0.0;0.0;0.0;0.0;0.0;0.0;0.0;0.0;895724000.0;22243000.0;441994000.0;175705000.0;153462000.0;-1583160000.0;-1584110000.0;20635000.0
BPAC11;UNT;BTGP BANCO UNT;Intermediários Financeiros;54.3;28/05/2026;37.61;64.34;520977000.0;211228000000.0;0.0;31/03/2026;11670100000;-125.0;1220.0;445.0;283.0;1915.0;0.0;0.0;0.0;0.0;0.0;0.0;0.0;0.0;0.0;0.0;23.0;0.0;0.0;0.0;0.0;0.0;717681000000.0;0.0;0.0;0.0;0.0;74510400000.0;17307500000.0;4570400000.0
BPAC3;ON;BTGP BANCO ON;Intermediários Financeiros;27.76;28/05/2026;20.79;45.29;620961.0;323961000000.0;0.0;31/03/2026;11670100000;-424.0;1872.0;148.0;435.0;638.0;0.0;0.0;0.0;0.0;0.0;0.0;0.0;0.0;0.0;0.0;15.0;0.0;0.0;0.0;0.0;0.0;717681000000.0;0.0;0.0;0.0;0.0;74510400000.0;17307500000.0;4570400000.0
BPAC5;PNA;BTGP BANCO PNA;Intermediários Financeiros;14.42;28/05/2026;8.14;21.28;473148.0;168282000000.0;0.0;31/03/2026;11670100000;-224.0;972.0;148.0;226.0;638.0;0.0;0.0;0.0;0.0;0.0;0.0;0.0;0.0;0.0;0.0;28.0;0.0;0.0;0.0;0.0;0.0;717681000000.0;0.0;0.0;0.0;0.0;74510400000.0;17307500000.0;4570400000.0
BPAN4;PN;BANCO PAN PN;Intermediários Financeiros;12.75;23/01/2026;7.35;12.75;0.0;16180600000.0;0.0;30/09/2025;1269070000;0.0;2147.0;59.0;208.0;614.0;0.0;0.0;0.0;0.0;0.0;0.0;0.0;0.0;0.0;0.0;0.0;0.0;0.0;0.0;0.0;0.0;69375300000.0;0.0;0.0;0.0;0.0;7792670000.0;753744000.0;187071000.0
BRAP3;ON N1;BRADESPAR S/A ON N1;Mineração;19.97;28/05/2026;12.76;21.7;1078390.0;7850150000.0;7594150000.0;31/03/2026;393097000;142.0;1004.0;199.0;100.0;1990.0;0.0;0.0;0.0;0.0;0.0;0.0;0.0;-5.0;0.0;0.0;107.0;0.0;0.0;0.0;0.0;0.0;7870440000.0;256000000.0;256520000.0;0.0;-256000000.0;7823900000.0;782165000.0;553506000.0
BRAP4;PN N1;BRADESPAR S/A PN N1;Mineração;23.35;28/05/2026;13.56;25.49;49907800.0;9178810000.0;8922810000.0;31/03/2026;393097000;26.0;1174.0;199.0;117.0;1990.0;0.0;0.0;0.0;0.0;0.0;0.0;0.0;-5.0;0.0;0.0;101.0;0.0;0.0;0.0;0.0;0.0;7870440000.0;256000000.0;256520000.0;0.0;-256000000.0;7823900000.0;782165000.0;553506000.0
BRAV3;ON;BRAVA ON;Petróleo, Gás e Biocombustíveis;20.24;28/05/2026;13.35;21.64;234420000.0;9402640000.0;20030000000.0;31/03/2026;464557000;166.0;4047.0;50.0;82.0;2456.0;0.0;0.0;0.0;0.0;0.0;0.0;0.0;66.0;0.0;0.0;6.0;0.0;0.0;0.0;0.0;0.0;42610100000.0;5220180000.0;8229310000.0;15847600000.0;10627400000.0;11410000000.0;232365000.0;-349686000.0
BRBI11;UNT N2;BR PARTNERS UNT N2;Intermediários Financeiros;16.1;28/05/2026;13.91;21.02;4773240.0;1690430000.0;473622000.0;31/03/2026;314987000;63.0;996.0;162.0;213.0;756.0;0.0;0.0;0.0;0.0;0.0;0.0;0.0;1.0;0.0;0.0;97.0;0.0;0.0;0.0;0.0;0.0;18173400000.0;0.0;0.0;0.0;0.0;-1216810000.0;9597020.0;-2855000.0
BRKM3;ON N1;BRASKEM ON N1;Químicos;7.9;28/05/2026;7.05;12.35;438263.0;6297940000.0;49315900000.0;31/03/2026;797208000;-307.0;-69.0;-1146.0;-40.0;-1974.0;0.0;0.0;0.0;0.0;0.0;0.0;0.0;-50.0;0.0;0.0;0.0;0.0;0.0;0.0;0.0;0.0;75870000000.0;6046000000.0;26191000000.0;49064000000.0;43018000000.0;-15736000000.0;-9132000000.0;1446000000.0
BRKM5;PNA N1;BRASKEM PNA N1;Químicos;11.13;28/05/2026;6.26;12.7;60270600.0;8872930000.0;51890900000.0;31/03/2026;797208000;-168.0;-97.0;-1146.0;-56.0;-1974.0;0.0;0.0;0.0;0.0;0.0;0.0;0.0;-50.0;0.0;0.0;0.0;0.0;0.0;0.0;0.0;0.0;75870000000.0;6046000000.0;26191000000.0;49064000000.0;43018000000.0;-15736000000.0;-9132000000.0;1446000000.0
BRKM6;PNB N1;BRASKEM PNB N1;Químicos;7.02;20/05/2026;6.12;9.89;486.0;5596400000.0;48614400000.0;31/03/2026;797208000;0.0;-61.0;-1146.0;-36.0;-1974.0;0.0;0.0;0.0;0.0;0.0;0.0;0.0;-50.0;0.0;0.0;0.0;0.0;0.0;0.0;0.0;0.0;75870000000.0;6046000000.0;26191000000.0;49064000000.0;43018000000.0;-15736000000.0;-9132000000.0;1446000000.0
BRSR3;ON;BANRISUL S/A ON;Intermediários Financeiros;17.55;28/05/2026;10.54;19.74;103499.0;7177490000.0;0.0;31/03/2026;408974000;-129.0;453.0;387.0;63.0;2769.0;0.0;0.0;0.0;0.0;0.0;0.0;0.0;0.0;0.0;0.0;90.0;0.0;0.0;0.0;0.0;0.0;164205000000.0;0.0;0.0;0.0;0.0;11323200000.0;1584360000.0;221407000.0
BRSR5;PNA;BANRISUL S/A PNA;Intermediários Financeiros;17.01;07/05/2026;13.36;19.38;444.0;6956650000.0;0.0;31/03/2026;408974000;0.0;439.0;387.0;61.0;2769.0;0.0;0.0;0.0;0.0;0.0;0.0;0.0;0.0;0.0;0.0;95.0;0.0;0.0;0.0;0.0;0.0;164205000000.0;0.0;0.0;0.0;0.0;11323200000.0;1584360000.0;221407000.0
BRSR6;PNB;BANRISUL S/A PNB;Intermediários Financeiros;14.61;28/05/2026;9.71;18.86;28587700.0;5975110000.0;0.0;31/03/2026;408974000;-102.0;377.0;387.0;53.0;2769.0;0.0;0.0;0.0;0.0;0.0;0.0;0.0;0.0;0.0;0.0;109.0;0.0;0.0;0.0;0.0;0.0;164205000000.0;0.0;0.0;0.0;0.0;11323200000.0;1584360000.0;221407000.0
BRST3;ON NM;BRISANET ON NM;Telecomunicações;2.81;28/05/2026;2.58;3.55;1145990.0;1230800000.0;2911830000.0;31/03/2026;438008000;-71.0;3115.0;9.0;79.0;357.0;0.0;0.0;0.0;0.0;0.0;0.0;0.0;55.0;0.0;0.0;15.0;0.0;0.0;0.0;0.0;0.0;4637800000.0;724410000.0;1074170000.0;2405440000.0;1681030000.0;1562810000.0;39507000.0;19047000.0
BSLI3;ON;BRB ON;Intermediários Financeiros;3.87;28/05/2026;3.35;10.54;140874.0;1881520000.0;0.0;30/06/2025;486181000;1349.0;269.0;144.0;47.0;820.0;0.0;0.0;0.0;0.0;0.0;0.0;0.0;0.0;0.0;0.0;75.0;0.0;0.0;0.0;0.0;0.0;74509300000.0;0.0;0.0;0.0;0.0;3984960000.0;698331000.0;272858000.0
BSLI4;ON;BRB ON;Intermediários Financeiros;3.81;28/05/2026;3.34;11.48;147146.0;1852350000.0;0.0;30/06/2025;486181000;106.0;265.0;144.0;46.0;820.0;0.0;0.0;0.0;0.0;0.0;0.0;0.0;0.0;0.0;0.0;84.0;0.0;0.0;0.0;0.0;0.0;74509300000.0;0.0;0.0;0.0;0.0;3984960000.0;698331000.0;272858000.0
CALI3;ON;CAL S/A ON;Construção Civil;23.0;27/05/2026;15.11;25.0;3640.0;160747000.0;311311000.0;31/03/2026;6989000;0.0;393.0;586.0;80.0;2879.0;0.0;0.0;0.0;0.0;0.0;0.0;0.0;47.0;0.0;0.0;39.0;0.0;0.0;0.0;0.0;0.0;1057100000.0;168109000.0;800769000.0;318673000.0;150564000.0;201211000.0;40931000.0;16436000.0
CAMB3;ON;PENALTY ON;Tecidos, Vestuário e Calçados;9.91;28/05/2026;8.13;10.39;238844.0;418945000.0;362405000.0;31/03/2026;42275000;-50.0;608.0;163.0;131.0;756.0;0.0;0.0;0.0;0.0;0.0;0.0;0.0;154.0;0.0;0.0;123.0;0.0;0.0;0.0;0.0;0.0;390149000.0;58191000.0;201014000.0;1651000.0;-56540000.0;319417000.0;68956000.0;19677000.0
CAML3;ON NM;CAMIL ON NM;Alimentos Processados;5.75;28/05/2026;4.11;7.32;7903580.0;2012500000.0;5260740000.0;28/02/2026;350000000;-86.0;1356.0;42.0;67.0;862.0;0.0;0.0;0.0;0.0;0.0;0.0;0.0;51.0;0.0;0.0;51.0;0.0;0.0;0.0;0.0;0.0;10774500000.0;2022700000.0;5513440000.0;5270950000.0;3248240000.0;3015320000.0;148369000.0;-40394000.0
CASH3;ON NM;MELIUZ ON NM;Programas e Serviços;4.46;28/05/2026;3.24;8.82;5144430.0;504988000.0;413623000.0;31/03/2026;113226000;300.0;-712.0;-63.0;112.0;399.0;0.0;0.0;0.0;0.0;0.0;0.0;0.0;-77.0;0.0;0.0;0.0;0.0;0.0;0.0;0.0;0.0;550042000.0;91365000.0;197886000.0;0.0;-91365000.0;451778000.0;-70887000.0;-59939000.0
CBAV3;ON NM;CBA ON NM;Mineração;10.73;28/05/2026;2.83;10.73;31425400.0;6986010000.0;10118800000.0;31/03/2026;651073000;9.0;5703.0;19.0;151.0;711.0;0.0;0.0;0.0;0.0;0.0;0.0;0.0;14.0;0.0;0.0;4.0;0.0;0.0;0.0;0.0;0.0;14112200000.0;1488050000.0;4765150000.0;4620840000.0;3132790000.0;4630130000.0;122494000.0;306437000.0
CBEE3;ON;AMPLA ENERG ON;Energia Elétrica;11.95;28/05/2026;8.49;14.83;1258.0;5416030000.0;10196000000.0;31/03/2026;453224000;0.0;10663.0;11.0;54.0;2200.0;0.0;0.0;0.0;0.0;0.0;0.0;0.0;64.0;0.0;0.0;0.0;0.0;0.0;0.0;0.0;0.0;22330900000.0;154745000.0;4989850000.0;4934770000.0;4780020000.0;9970030000.0;50795000.0;109635000.0
CEAB3;ON NM;CEA MODAS ON NM;Comércio;11.44;28/05/2026;9.51;19.95;105267000.0;3526320000.0;3657980000.0;31/03/2026;308245000;53.0;603.0;190.0;95.0;1201.0;0.0;0.0;0.0;0.0;0.0;0.0;0.0;111.0;0.0;0.0;46.0;0.0;0.0;0.0;0.0;0.0;8629790000.0;805748000.0;4015370000.0;937402000.0;131654000.0;3702830000.0;584677000.0;1664000.0
CEBR3;ON;CEB - COMPANHIA ENERGÉTICA DE BRASÍLIA ON;Energia Elétrica;27.7;28/05/2026;15.74;34.51;176465.0;1996670000.0;1615660000.0;31/03/2026;72082000;-32.0;1196.0;232.0;211.0;1312.0;0.0;0.0;0.0;0.0;0.0;0.0;0.0;89.0;0.0;0.0;142.0;0.0;0.0;0.0;0.0;0.0;1367090000.0;381013000.0;643751000.0;0.0;-381013000.0;945696000.0;166923000.0;30979000.0
CEBR5;PNA;CEB - COMPANHIA ENERGÉTICA DE BRASÍLIA PNA;Energia Elétrica;26.45;28/05/2026;15.64;29.44;52698.0;1906570000.0;1525560000.0;31/03/2026;72082000;19.0;1142.0;232.0;202.0;1312.0;0.0;0.0;0.0;0.0;0.0;0.0;0.0;89.0;0.0;0.0;149.0;0.0;0.0;0.0;0.0;0.0;1367090000.0;381013000.0;643751000.0;0.0;-381013000.0;945696000.0;166923000.0;30979000.0
CEBR6;PNB;CEB - COMPANHIA ENERGÉTICA DE BRASÍLIA PNB;Energia Elétrica;30.5;28/05/2026;17.51;32.0;236444.0;2198500000.0;1817490000.0;31/03/2026;72082000;-3.0;1317.0;232.0;232.0;1312.0;0.0;0.0;0.0;0.0;0.0;0.0;0.0;89.0;0.0;0.0;142.0;0.0;0.0;0.0;0.0;0.0;1367090000.0;381013000.0;643751000.0;0.0;-381013000.0;945696000.0;166923000.0;30979000.0
CEDO3;ON;CIA. DE FIAÇÃO E TECIDOS CEDRO CACHOEIRA ON;Tecidos, Vestuário e Calçados;10.0;14/05/2026;7.0;29.0;1922.0;100000000.0;472845000.0;31/03/2026;10000000;0.0;-180.0;-555.0;39.0;2595.0;0.0;0.0;0.0;0.0;0.0;0.0;0.0;84.0;0.0;0.0;0.0;0.0;0.0;0.0;0.0;0.0;929843000.0;10714000.0;365672000.0;383559000.0;372845000.0;259506000.0;-55520000.0;-18168000.0
CEDO4;PN;CIA. DE FIAÇÃO E TECIDOS CEDRO CACHOEIRA PN;Tecidos, Vestuário e Calçados;5.3;28/05/2026;5.3;18.8;38610.0;53000000.0;425845000.0;31/03/2026;10000000;-586.0;-95.0;-555.0;20.0;2595.0;0.0;0.0;0.0;0.0;0.0;0.0;0.0;84.0;0.0;0.0;0.0;0.0;0.0;0.0;0.0;0.0;929843000.0;10714000.0;365672000.0;383559000.0;372845000.0;259506000.0;-55520000.0;-18168000.0
CEEB3;ON;COELBA ON;Energia Elétrica;48.0;28/05/2026;31.8;50.0;15165.0;12580600000.0;31215600000.0;31/03/2026;262096000;-60.0;672.0;714.0;155.0;3094.0;0.0;0.0;0.0;0.0;0.0;0.0;0.0;118.0;0.0;0.0;121.0;0.0;0.0;0.0;0.0;0.0;37739000000.0;2979000000.0;8572000000.0;21614000000.0;18635000000.0;8110000000.0;1872000000.0;406000000.0
CEEB5;PNA;COELBA PNA;Energia Elétrica;43.01;28/05/2026;30.6;44.08;843.0;11272700000.0;29907700000.0;31/03/2026;262096000;-135.0;602.0;714.0;139.0;3094.0;0.0;0.0;0.0;0.0;0.0;0.0;0.0;118.0;0.0;0.0;135.0;0.0;0.0;0.0;0.0;0.0;37739000000.0;2979000000.0;8572000000.0;21614000000.0;18635000000.0;8110000000.0;1872000000.0;406000000.0
CEED3;ON N1;CEEE-D ON N1;Energia Elétrica;9.79;18/02/2026;6.65;9.99;0.0;668216000.0;7709170000.0;31/03/2026;68255000;0.0;-90.0;-1087.0;-15.0;-6317.0;0.0;0.0;0.0;0.0;0.0;0.0;0.0;57.0;0.0;0.0;0.0;0.0;0.0;0.0;0.0;0.0;10063900000.0;1069340000.0;3393800000.0;8110290000.0;7040950000.0;-4311770000.0;-742009000.0;-40807000.0
CEGR3;ON;CEG ON;Gás;32.69;19/05/2026;32.69;95.47;1473.0;8487570000.0;8801860000.0;31/03/2026;259638000;0.0;1267.0;258.0;389.0;840.0;0.0;0.0;0.0;0.0;0.0;0.0;0.0;248.0;0.0;0.0;20.0;0.0;0.0;0.0;0.0;0.0;4768590000.0;443466000.0;1183610000.0;757761000.0;314295000.0;2181060000.0;670085000.0;137617000.0
CGAS3;ON;COMPANHIA DE GÁS DE SÃO PAULO - COMGÁS ON;Gás;123.99;22/05/2026;113.13;136.99;13569.0;16431300000.0;24982700000.0;31/03/2026;132521000;0.0;1067.0;1162.0;954.0;1299.0;0.0;0.0;0.0;0.0;0.0;0.0;0.0;186.0;0.0;0.0;66.0;0.0;0.0;0.0;0.0;0.0;16495300000.0;2473080000.0;5478740000.0;11024500000.0;8551440000.0;1721830000.0;1539430000.0;279271000.0
CGAS5;PNAS;COMPANHIA DE GÁS DE SÃO PAULO - COMGÁS PNAS;Gás;124.0;28/05/2026;117.18;135.94;164408.0;16432600000.0;24984000000.0;31/03/2026;132521000;23.0;1067.0;1162.0;954.0;1299.0;0.0;0.0;0.0;0.0;0.0;0.0;0.0;186.0;0.0;0.0;72.0;0.0;0.0;0.0;0.0;0.0;16495300000.0;2473080000.0;5478740000.0;11024500000.0;8551440000.0;1721830000.0;1539430000.0;279271000.0
CGRA3;ON;GRAZZIOTIN ON;Comércio;25.6;28/05/2026;18.75;28.52;34044.0;604593000.0;448148000.0;31/03/2026;23616900;115.0;714.0;358.0;68.0;3740.0;0.0;0.0;0.0;0.0;0.0;0.0;0.0;78.0;0.0;0.0;235.0;0.0;0.0;0.0;0.0;0.0;1255700000.0;156445000.0;526615000.0;0.0;-156445000.0;883322000.0;84649000.0;5209000.0
CGRA4;PN;GRAZZIOTIN PN;Comércio;26.2;28/05/2026;18.29;27.59;173629.0;618764000.0;462319000.0;31/03/2026;23616900;195.0;731.0;358.0;70.0;3740.0;0.0;0.0;0.0;0.0;0.0;0.0;0.0;78.0;0.0;0.0;230.0;0.0;0.0;0.0;0.0;0.0;1255700000.0;156445000.0;526615000.0;0.0;-156445000.0;883322000.0;84649000.0;5209000.0
CLSC3;ON N2;CELESC ON N2;Energia Elétrica;129.99;28/05/2026;83.19;133.71;27906.0;5013970000.0;9785340000.0;31/03/2026;38572000;0.0;689.0;1886.0;121.0;10737.0;0.0;0.0;0.0;0.0;0.0;0.0;0.0;75.0;0.0;0.0;66.0;0.0;0.0;0.0;0.0;0.0;14467500000.0;286625000.0;4263640000.0;5057990000.0;4771360000.0;4141510000.0;727471000.0;250659000.0
CLSC4;PN N2;CELESC PN N2;Energia Elétrica;141.6;28/05/2026;90.87;155.46;392851.0;5461800000.0;10233200000.0;31/03/2026;38572000;0.0;751.0;1886.0;132.0;10737.0;0.0;0.0;0.0;0.0;0.0;0.0;0.0;75.0;0.0;0.0;67.0;0.0;0.0;0.0;0.0;0.0;14467500000.0;286625000.0;4263640000.0;5057990000.0;4771360000.0;4141510000.0;727471000.0;250659000.0
CMIG3;ON N1;CEMIG ON N1;Energia Elétrica;16.07;28/05/2026;13.07;19.39;2650480.0;45988800000.0;63806800000.0;31/03/2026;2861780000;-25.0;951.0;169.0;159.0;1009.0;0.0;0.0;0.0;0.0;0.0;0.0;0.0;89.0;0.0;0.0;59.0;0.0;0.0;0.0;0.0;0.0;68174300000.0;1792520000.0;14417400000.0;19610500000.0;17818000000.0;28887600000.0;4837710000.0;978545000.0
CMIG4;PN N1;CEMIG PN N1;Energia Elétrica;11.05;28/05/2026;9.38;13.55;206282000.0;31622700000.0;49440700000.0;31/03/2026;2861780000;-99.0;654.0;169.0;109.0;1009.0;0.0;0.0;0.0;0.0;0.0;0.0;0.0;89.0;0.0;0.0;85.0;0.0;0.0;0.0;0.0;0.0;68174300000.0;1792520000.0;14417400000.0;19610500000.0;17818000000.0;28887600000.0;4837710000.0;978545000.0
CMIN3;ON N2;CSNMINERACAO ON N2;Mineração;4.7;28/05/2026;4.08;6.24;38311700.0;25530600000.0;25799200000.0;31/03/2026;5432040000;151.0;1145.0;41.0;361.0;130.0;0.0;0.0;0.0;0.0;0.0;0.0;0.0;150.0;0.0;0.0;232.0;0.0;0.0;0.0;0.0;0.0;34188500000.0;8861070000.0;12686700000.0;9129710000.0;268641000.0;7080300000.0;2229270000.0;222368000.0
COCE3;ON;CIA ENERG CEARA - COELCE ON;Energia Elétrica;33.32;14/05/2026;24.86;48.49;81.0;2875580000.0;9571330000.0;31/03/2026;86302000;0.0;569.0;585.0;51.0;6497.0;0.0;0.0;0.0;0.0;0.0;0.0;0.0;103.0;0.0;0.0;7.0;0.0;0.0;0.0;0.0;0.0;16659900000.0;191161000.0;3023920000.0;6886910000.0;6695750000.0;5606640000.0;505176000.0;145241000.0
COCE5;PNA;CIA ENERG CEARA - COELCE PNA;Energia Elétrica;33.7;28/05/2026;24.32;34.17;434992.0;2908380000.0;9604120000.0;31/03/2026;86302000;96.0;576.0;585.0;52.0;6497.0;0.0;0.0;0.0;0.0;0.0;0.0;0.0;103.0;0.0;0.0;44.0;0.0;0.0;0.0;0.0;0.0;16659900000.0;191161000.0;3023920000.0;6886910000.0;6695750000.0;5606640000.0;505176000.0;145241000.0
COGN3;ON;COGNA ON;Diversos;2.53;28/05/2026;2.25;4.57;83345300.0;5222600000.0;10553700000.0;31/03/2026;2064270000;0.0;777.0;33.0;38.0;659.0;0.0;0.0;0.0;0.0;0.0;0.0;0.0;90.0;0.0;0.0;47.0;0.0;0.0;0.0;0.0;0.0;24296900000.0;1205330000.0;4981660000.0;6536420000.0;5331090000.0;13601200000.0;671857000.0;141447000.0
CPFE3;ON;CPFL ENERGIA S.A. ON;Energia Elétrica;43.03;28/05/2026;34.48;52.32;109227000.0;49581500000.0;75543700000.0;31/03/2026;1152250000;-260.0;860.0;500.0;204.0;2109.0;0.0;0.0;0.0;0.0;0.0;0.0;0.0;136.0;0.0;0.0;87.0;0.0;0.0;0.0;0.0;0.0;83990600000.0;5751930000.0;19687100000.0;31714100000.0;25962200000.0;24297600000.0;5763250000.0;1830240000.0
CPLE3;ON;COPEL ON;Energia Elétrica;14.45;28/05/2026;10.02;16.72;389033000.0;43101600000.0;61240900000.0;31/03/2026;2982810000;-130.0;1587.0;91.0;181.0;799.0;0.0;0.0;0.0;0.0;0.0;0.0;0.0;78.0;0.0;0.0;74.0;0.0;0.0;0.0;0.0;0.0;62926700000.0;5175930000.0;13098900000.0;23315300000.0;18139300000.0;23832400000.0;2715140000.0;692039000.0
CPLE5;PNA;COPEL PNA;Energia Elétrica;13.58;19/12/2025;11.2;15.38;0.0;40506600000.0;58645900000.0;31/03/2026;2982810000;0.0;1492.0;91.0;170.0;799.0;0.0;0.0;0.0;0.0;0.0;0.0;0.0;78.0;0.0;0.0;0.0;0.0;0.0;0.0;0.0;0.0;62926700000.0;5175930000.0;13098900000.0;23315300000.0;18139300000.0;23832400000.0;2715140000.0;692039000.0
CRPG3;ON;CRISTAL ON;Químicos;18.0;25/05/2026;15.0;21.5;298.0;522342000.0;486672000.0;31/03/2026;29019000;0.0;-649.0;-277.0;95.0;1896.0;0.0;0.0;0.0;0.0;0.0;0.0;0.0;-95.0;0.0;0.0;0.0;0.0;0.0;0.0;0.0;0.0;944267000.0;39844000.0;608871000.0;4174000.0;-35670000.0;550076000.0;-80437000.0;-19991000.0
CRPG5;PNA;CRISTAL PNA;Químicos;16.3;28/05/2026;11.71;24.67;56696.0;473010000.0;437340000.0;31/03/2026;29019000;124.0;-588.0;-277.0;86.0;1896.0;0.0;0.0;0.0;0.0;0.0;0.0;0.0;-95.0;0.0;0.0;0.0;0.0;0.0;0.0;0.0;0.0;944267000.0;39844000.0;608871000.0;4174000.0;-35670000.0;550076000.0;-80437000.0;-19991000.0
CRPG6;PNB;CRISTAL PNB;Químicos;16.81;20/05/2026;10.99;23.89;3567.0;487809000.0;452139000.0;31/03/2026;29019000;0.0;-606.0;-277.0;89.0;1896.0;0.0;0.0;0.0;0.0;0.0;0.0;0.0;-95.0;0.0;0.0;0.0;0.0;0.0;0.0;0.0;0.0;944267000.0;39844000.0;608871000.0;4174000.0;-35670000.0;550076000.0;-80437000.0;-19991000.0
CSAN3;ON;COSAN SA INDUSTRIA E COMERCIO ON;Petróleo, Gás e Biocombustíveis;3.94;28/05/2026;3.94;8.54;159064000.0;15628300000.0;63040900000.0;31/03/2026;3966570000;-175.0;-164.0;-240.0;447.0;88.0;0.0;0.0;0.0;0.0;0.0;0.0;0.0;71.0;0.0;0.0;0.0;0.0;0.0;0.0;0.0;0.0;126989000000.0;17464000000.0;31905100000.0;64876600000.0;47412600000.0;3493750000.0;-9517580000.0;-1583350000.0
CSED3;ON NM;CRUZEIRO EDU ON NM;Diversos;4.06;28/05/2026;3.94;6.96;3535990.0;1480040000.0;1940170000.0;31/03/2026;364543000;-73.0;544.0;75.0;90.0;453.0;0.0;0.0;0.0;0.0;0.0;0.0;0.0;111.0;0.0;0.0;120.0;0.0;0.0;0.0;0.0;0.0;4860500000.0;930828000.0;1244640000.0;1390960000.0;460129000.0;1652140000.0;271939000.0;61484000.0
CSMG3;ON;COPASA MG ON;Água e Saneamento;52.94;28/05/2026;22.37;60.35;255240000.0;20130600000.0;26993000000.0;31/03/2026;380253000;432.0;1485.0;356.0;230.0;2306.0;0.0;0.0;0.0;0.0;0.0;0.0;0.0;100.0;0.0;0.0;42.0;0.0;0.0;0.0;0.0;0.0;21493600000.0;2509970000.0;4270560000.0;9372390000.0;6862420000.0;8768800000.0;1355340000.0;368104000.0
CSNA3;ON;CSN ON;Siderurgia e Metalurgia;6.8;28/05/2026;5.72;10.89;69367500.0;9017440000.0;46013000000.0;31/03/2026;1326090000;382.0;-451.0;-151.0;70.0;969.0;0.0;0.0;0.0;0.0;0.0;0.0;0.0;64.0;0.0;0.0;0.0;0.0;0.0;0.0;0.0;0.0;99128300000.0;13439500000.0;29391900000.0;50435100000.0;36995600000.0;12849800000.0;-1998760000.0;-615531000.0
CSUD3;ON;CSU DIGITAL ON;Serviços Diversos;17.6;28/05/2026;15.37;19.41;2154120.0;735680000.0;789057000.0;31/03/2026;41800000;115.0;723.0;243.0;154.0;1144.0;0.0;0.0;0.0;0.0;0.0;0.0;0.0;125.0;0.0;0.0;134.0;0.0;0.0;0.0;0.0;0.0;828958000.0;95310000.0;275408000.0;148687000.0;53377000.0;478135000.0;101751000.0;20134000.0
CTAX3;ON;CONTAX ON;Serviços Diversos;0.53;28/05/2026;0.53;1.29;6341.0;14156300.0;179418000.0;31/03/2026;26710000;-536.0;-84.0;-63.0;16.0;338.0;0.0;0.0;0.0;0.0;0.0;0.0;0.0;17.0;0.0;0.0;0.0;0.0;0.0;0.0;0.0;0.0;1128430000.0;25032000.0;164031000.0;190294000.0;165262000.0;90400000.0;-16952000.0;-24504000.0
CTKA3;ON;KARSTEN ON;Tecidos, Vestuário e Calçados;46.39;21/05/2026;33.0;50.0;226.0;287850000.0;630160000.0;31/03/2026;6205000;0.0;468.0;992.0;359.0;1291.0;0.0;0.0;0.0;0.0;0.0;0.0;0.0;100.0;0.0;0.0;0.0;0.0;0.0;0.0;0.0;0.0;736778000.0;61217000.0;488291000.0;403527000.0;342310000.0;80083000.0;61528000.0;4075000.0
CTKA4;PN;KARSTEN PN;Tecidos, Vestuário e Calçados;35.77;28/05/2026;31.0;49.8;47277.0;221953000.0;564263000.0;31/03/2026;6205000;220.0;361.0;992.0;277.0;1291.0;0.0;0.0;0.0;0.0;0.0;0.0;0.0;100.0;0.0;0.0;0.0;0.0;0.0;0.0;0.0;0.0;736778000.0;61217000.0;488291000.0;403527000.0;342310000.0;80083000.0;61528000.0;4075000.0
CTSA3;ON;SANTANENSE ON;Tecidos, Vestuário e Calçados;2.0;18/05/2026;2.0;4.29;239.0;13912000.0;249753000.0;31/12/2024;6956000;0.0;-9.0;-2320.0;14.0;1425.0;0.0;0.0;0.0;0.0;0.0;0.0;0.0;-112.0;0.0;0.0;0.0;0.0;0.0;0.0;0.0;0.0;673131000.0;3363000.0;114526000.0;239204000.0;235841000.0;99103000.0;-161364000.0;-49433000.0
CTSA4;PN;SANTANENSE PN;Tecidos, Vestuário e Calçados;1.29;15/05/2026;1.07;2.8;734.0;8973240.0;244814000.0;31/12/2024;6956000;0.0;-6.0;-2320.0;9.0;1425.0;0.0;0.0;0.0;0.0;0.0;0.0;0.0;-112.0;0.0;0.0;0.0;0.0;0.0;0.0;0.0;0.0;673131000.0;3363000.0;114526000.0;239204000.0;235841000.0;99103000.0;-161364000.0;-49433000.0
CURY3;ON NM;CURY S/A ON NM;Construção Civil;32.18;28/05/2026;24.88;40.95;148467000.0;9912970000.0;9506080000.0;31/03/2026;308048000;222.0;931.0;346.0;642.0;501.0;0.0;0.0;0.0;0.0;0.0;0.0;0.0;249.0;0.0;0.0;130.0;0.0;0.0;0.0;0.0;0.0;6195490000.0;1757310000.0;3691840000.0;1350420000.0;-406894000.0;1544570000.0;1064930000.0;302867000.0
CVCB3;ON NM;CVC BRASIL ON NM;Viagens e Lazer;1.6;28/05/2026;1.6;2.72;33019100.0;840946000.0;1074200000.0;31/03/2026;525591000;-533.0;-795.0;-20.0;209.0;76.0;0.0;0.0;0.0;0.0;0.0;0.0;0.0;43.0;0.0;0.0;0.0;0.0;0.0;0.0;0.0;0.0;3724250000.0;182590000.0;2044750000.0;415840000.0;233250000.0;401731000.0;-105822000.0;-72321000.0
CXSE3;ON NM;CAIXA SEGURI ON NM;Previdência e Seguros;17.44;28/05/2026;12.47;19.43;80418400.0;52320000000.0;51220600000.0;31/03/2026;3000000000;-11.0;1191.0;146.0;380.0;459.0;0.0;0.0;0.0;0.0;0.0;0.0;0.0;-11.0;0.0;0.0;75.0;0.0;0.0;0.0;0.0;0.0;14925300000.0;1109470000.0;2119840000.0;10022000.0;-1099450000.0;13772000000.0;4391420000.0;1150280000.0
CYRE3;PN;CYRELA BRAZIL REALTY PN;Construção Civil;22.5;28/05/2026;18.76;32.0;178027000.0;10278000000.0;15202100000.0;31/03/2026;456800000;135.0;520.0;433.0;97.0;2325.0;0.0;0.0;0.0;0.0;0.0;0.0;0.0;58.0;0.0;0.0;102.0;0.0;0.0;0.0;0.0;0.0;26714100000.0;3869720000.0;15143600000.0;8793840000.0;4924120000.0;10621000000.0;1975900000.0;296776000.0
CYRE4;PN;CYRELA BRAZIL REALTY PN;Construção Civil;20.75;28/05/2026;19.45;30.9;14803200.0;9478600000.0;14402700000.0;31/03/2026;456800000;217.0;480.0;433.0;89.0;2325.0;0.0;0.0;0.0;0.0;0.0;0.0;0.0;58.0;0.0;0.0;0.0;0.0;0.0;0.0;0.0;0.0;26714100000.0;3869720000.0;15143600000.0;8793840000.0;4924120000.0;10621000000.0;1975900000.0;296776000.0
DASA3;ON;DIAGNOSTICOS DA AMERICA SA ON;Serv.Méd.Hospit. Análises e Diagnósticos;3.29;28/05/2026;1.2;4.6;5902020.0;4128970000.0;9366830000.0;31/03/2026;1255010000;613.0;-397.0;-83.0;60.0;547.0;0.0;0.0;0.0;0.0;0.0;0.0;0.0;56.0;0.0;0.0;0.0;0.0;0.0;0.0;0.0;0.0;17814500000.0;1705010000.0;5023040000.0;6942870000.0;5237850000.0;6866410000.0;-1039640000.0;-1919000.0
DESK3;ON NM;DESKTOPSIGMA ON NM;Telecomunicações;18.01;28/05/2026;7.65;18.55;10787100.0;2093070000.0;3295270000.0;31/03/2026;116217000;129.0;3398.0;53.0;147.0;1223.0;0.0;0.0;0.0;0.0;0.0;0.0;0.0;97.0;0.0;0.0;8.0;0.0;0.0;0.0;0.0;0.0;3866730000.0;457365000.0;738415000.0;1659560000.0;1202200000.0;1420900000.0;61597000.0;9635000.0
DEXP3;ON;DEXXOS PAR ON;Químicos;7.21;28/05/2026;6.45;8.03;977156.0;886643000.0;789915000.0;31/03/2026;122974000;84.0;623.0;116.0;84.0;855.0;0.0;0.0;0.0;0.0;0.0;0.0;0.0;71.0;0.0;0.0;69.0;0.0;0.0;0.0;0.0;0.0;1616780000.0;360555000.0;1026490000.0;263827000.0;-96728000.0;1051980000.0;142400000.0;51348000.0
DEXP4;PN;DEXXOS PAR PN;Químicos;7.1;28/05/2026;6.39;8.3;20056.0;873115000.0;776387000.0;31/03/2026;122974000;-28.0;613.0;116.0;83.0;855.0;0.0;0.0;0.0;0.0;0.0;0.0;0.0;71.0;0.0;0.0;72.0;0.0;0.0;0.0;0.0;0.0;1616780000.0;360555000.0;1026490000.0;263827000.0;-96728000.0;1051980000.0;142400000.0;51348000.0
DIRR3;ON NM;Direcional Engenharia ON NM;Construção Civil;13.37;28/05/2026;11.36;16.95;104659000.0;6959090000.0;7701680000.0;31/03/2026;520500000;38.0;830.0;161.0;327.0;409.0;0.0;0.0;0.0;0.0;0.0;0.0;0.0;82.0;0.0;0.0;166.0;0.0;0.0;0.0;0.0;0.0;13916900000.0;2420760000.0;6667190000.0;3163360000.0;742594000.0;2129550000.0;837986000.0;213160000.0
DMVF3;ON NM;D1000VFARMA ON NM;Comércio e Distribuição;6.2;28/05/2026;4.32;7.5;621018.0;313739000.0;365974000.0;31/03/2026;50603000;653.0;1310.0;47.0;34.0;1820.0;0.0;0.0;0.0;0.0;0.0;0.0;0.0;40.0;0.0;0.0;0.0;0.0;0.0;0.0;0.0;0.0;1978740000.0;22993000.0;618418000.0;75228000.0;52235000.0;920792000.0;23949000.0;1515000.0
DOHL4;PN;DOHLER PN;Tecidos, Vestuário e Calçados;3.79;28/05/2026;3.4;4.31;12211.0;286695000.0;332207000.0;31/03/2026;75645000;0.0;99894.0;0.0;42.0;912.0;0.0;0.0;0.0;0.0;0.0;0.0;0.0;-34.0;0.0;0.0;12.0;0.0;0.0;0.0;0.0;0.0;1031690000.0;132871000.0;603514000.0;178383000.0;45512000.0;689527000.0;287000.0;-8708000.0
DOTZ3;ON NM;DOTZ SA ON NM;Diversos;3.99;28/05/2026;2.66;9.14;81908.0;53154700.0;114561000.0;31/03/2026;13322000;-197.0;724.0;55.0;-22.0;-1802.0;0.0;0.0;0.0;0.0;0.0;0.0;0.0;192.0;0.0;0.0;0.0;0.0;0.0;0.0;0.0;0.0;335018000.0;48188000.0;229096000.0;109594000.0;61406000.0;-240022000.0;7344000.0;6868000.0
DTCY3;ON;DTCOM ON;Serviços Diversos;2.5;08/05/2026;2.5;4.0;185.0;27827500.0;24119500.0;31/03/2026;11131000;0.0;-4268.0;-6.0;5726.0;4.0;0.0;0.0;0.0;0.0;0.0;0.0;0.0;-101.0;0.0;0.0;0.0;0.0;0.0;0.0;0.0;0.0;5778000.0;3708000.0;4702000.0;0.0;-3708000.0;486000.0;-652000.0;-465000.0
DXCO3;ON;DEXCO ON;Madeira e Papel;4.79;28/05/2026;4.44;6.09;14705700.0;4402170000.0;9234280000.0;31/03/2026;919034000;-204.0;51272.0;1.0;64.0;752.0;0.0;0.0;0.0;0.0;0.0;0.0;0.0;31.0;0.0;0.0;0.0;0.0;0.0;0.0;0.0;0.0;19675400000.0;3131230000.0;6734540000.0;7963340000.0;4832110000.0;6915040000.0;8586000.0;53346000.0
EALT3;ON;ELECTRO AÇO ALTONA S/A ON;Máquinas e Equipamentos;13.5;25/05/2026;11.43;14.83;8694.0;303750000.0;382201000.0;31/03/2026;22500000;0.0;520.0;260.0;83.0;1622.0;0.0;0.0;0.0;0.0;0.0;0.0;0.0;28.0;0.0;0.0;32.0;0.0;0.0;0.0;0.0;0.0;647017000.0;20680000.0;247890000.0;99131000.0;78451000.0;364861000.0;58449000.0;9013000.0
EALT4;PN;ELECTRO AÇO ALTONA S/A PN;Máquinas e Equipamentos;12.44;28/05/2026;9.84;14.53;181835.0;279900000.0;358351000.0;31/03/2026;22500000;-8.0;479.0;260.0;77.0;1622.0;0.0;0.0;0.0;0.0;0.0;0.0;0.0;28.0;0.0;0.0;38.0;0.0;0.0;0.0;0.0;0.0;647017000.0;20680000.0;247890000.0;99131000.0;78451000.0;364861000.0;58449000.0;9013000.0
ECOR3;ON NM;ECORODOVIAS ON NM;Transporte;7.66;28/05/2026;6.07;11.74;60357300.0;5333920000.0;27790600000.0;31/03/2026;696334000;-179.0;732.0;105.0;130.0;588.0;0.0;0.0;0.0;0.0;0.0;0.0;0.0;105.0;0.0;0.0;80.0;0.0;0.0;0.0;0.0;0.0;37541900000.0;4612080000.0;5740910000.0;27068800000.0;22456700000.0;4092730000.0;729107000.0;-10090000.0
EGIE3;ON;	ENGIE BRASIL ON;Energia Elétrica;32.32;28/05/2026;26.95;37.88;80599200.0;36919100000.0;61635400000.0;31/03/2026;1142300000;-95.0;1439.0;225.0;271.0;1191.0;0.0;0.0;0.0;0.0;0.0;0.0;0.0;97.0;0.0;0.0;37.0;0.0;0.0;0.0;0.0;0.0;58695300000.0;6465380000.0;9983640000.0;31181600000.0;24716300000.0;13601000000.0;2565620000.0;751482000.0
EKTR3;ON;ELEKTRO ELETRICIDADE E SERVIÇOS S.A. ON;Energia Elétrica;51.52;13/04/2026;31.55;51.52;879.0;9982460000.0;17902500000.0;31/03/2026;193759000;0.0;1115.0;462.0;439.0;1174.0;0.0;0.0;0.0;0.0;0.0;0.0;0.0;158.0;0.0;0.0;92.0;0.0;0.0;0.0;0.0;0.0;14666000000.0;1599000000.0;4867000000.0;9519000000.0;7920000000.0;2275000000.0;895000000.0;226000000.0
EKTR4;PN;ELEKTRO ELETRICIDADE E SERVIÇOS S.A. PN;Energia Elétrica;38.34;27/05/2026;35.4;50.59;29989.0;7428720000.0;15348700000.0;31/03/2026;193759000;0.0;830.0;462.0;327.0;1174.0;0.0;0.0;0.0;0.0;0.0;0.0;0.0;158.0;0.0;0.0;135.0;0.0;0.0;0.0;0.0;0.0;14666000000.0;1599000000.0;4867000000.0;9519000000.0;7920000000.0;2275000000.0;895000000.0;226000000.0
EMAE4;PN;EMAE PN;Energia Elétrica;38.45;28/05/2026;27.35;49.47;487671.0;1420610000.0;1040700000.0;31/12/2025;36947000;-65.0;-1065.0;-361.0;239.0;1610.0;0.0;0.0;0.0;0.0;0.0;0.0;0.0;-45.0;0.0;0.0;0.0;0.0;0.0;0.0;0.0;0.0;1769990000.0;379911000.0;495293000.0;0.0;-379911000.0;594822000.0;-133356000.0;-486873000.0
EMBJ3;ON NM;EMBRAER ON NM;Material de Transporte;73.6;28/05/2026;64.05;103.96;432583000.0;54498200000.0;57501300000.0;31/03/2026;740465000;14.0;3218.0;229.0;317.0;2321.0;0.0;0.0;0.0;0.0;0.0;0.0;0.0;67.0;0.0;0.0;10.0;0.0;0.0;0.0;0.0;0.0;67636300000.0;11037800000.0;37498900000.0;14040800000.0;3003090000.0;17188500000.0;1693770000.0;174842000.0
ENEV3;ON;ENEVA ON;Energia Elétrica;25.0;28/05/2026;13.16;27.59;294308000.0;48425800000.0;66892500000.0;31/03/2026;1937030000;-56.0;3737.0;67.0;238.0;1052.0;0.0;0.0;0.0;0.0;0.0;0.0;0.0;55.0;0.0;0.0;0.0;0.0;0.0;0.0;0.0;0.0;58669800000.0;3502260000.0;10265500000.0;21969000000.0;18466700000.0;20378000000.0;1295930000.0;522739000.0
ENGI11;UNT N2;ENERGISA UNT N2;Energia Elétrica;48.4;28/05/2026;39.31;58.15;152417000.0;24377800000.0;58170000000.0;31/03/2026;2518370000;33.0;1280.0;378.0;124.0;3902.0;0.0;0.0;0.0;0.0;0.0;0.0;0.0;80.0;0.0;0.0;32.0;0.0;0.0;0.0;0.0;0.0;86720900000.0;11796100000.0;22884200000.0;45588200000.0;33792200000.0;19654200000.0;1904330000.0;465627000.0
ENGI3;ON;ENERGISA ON;Energia Elétrica;11.9;28/05/2026;9.57;13.8;69802.0;29968600000.0;63760700000.0;31/03/2026;2518370000;-83.0;1574.0;76.0;152.0;780.0;0.0;0.0;0.0;0.0;0.0;0.0;0.0;80.0;0.0;0.0;26.0;0.0;0.0;0.0;0.0;0.0;86720900000.0;11796100000.0;22884200000.0;45588200000.0;33792200000.0;19654200000.0;1904330000.0;465627000.0
ENGI4;PN;ENERGISA PN;Energia Elétrica;9.08;28/05/2026;7.27;11.22;100569.0;22866800000.0;56658900000.0;31/03/2026;2518370000;0.0;1201.0;76.0;116.0;780.0;0.0;0.0;0.0;0.0;0.0;0.0;0.0;80.0;0.0;0.0;34.0;0.0;0.0;0.0;0.0;0.0;86720900000.0;11796100000.0;22884200000.0;45588200000.0;33792200000.0;19654200000.0;1904330000.0;465627000.0
ENJU3;ON NM;ENJOEI ON NM;Programas e Serviços;1.06;28/05/2026;0.87;1.36;531942.0;217319000.0;8918060.0;31/03/2026;205018000;0.0;-1236.0;-9.0;73.0;145.0;0.0;0.0;0.0;0.0;0.0;0.0;0.0;-70.0;0.0;0.0;0.0;0.0;0.0;0.0;0.0;0.0;451041000.0;208401000.0;334865000.0;0.0;-208401000.0;296945000.0;-17585000.0;-7518000.0
ENMT3;ON;ENERGISA MT ON;Energia Elétrica;40.81;28/05/2026;40.0;71.47;27065.0;8935020000.0;16721300000.0;31/03/2026;218942000;-140.0;1223.0;334.0;229.0;1786.0;0.0;0.0;0.0;0.0;0.0;0.0;0.0;109.0;0.0;0.0;86.0;0.0;0.0;0.0;0.0;0.0;16868100000.0;1711390000.0;4631970000.0;9497650000.0;7786270000.0;3909730000.0;730370000.0;143160000.0
ENMT4;ON;ENERGISA MT ON;Energia Elétrica;42.8;28/05/2026;42.02;71.29;12939.0;9370720000.0;17157000000.0;31/03/2026;218942000;5.0;1283.0;334.0;240.0;1786.0;0.0;0.0;0.0;0.0;0.0;0.0;0.0;109.0;0.0;0.0;82.0;0.0;0.0;0.0;0.0;0.0;16868100000.0;1711390000.0;4631970000.0;9497650000.0;7786270000.0;3909730000.0;730370000.0;143160000.0
EPAR3;ON;EMBPAR S/A ON;Comércio;2.01;28/05/2026;2.01;5.05;32151.0;29870600.0;21560600.0;31/03/2026;14861000;-519.0;6565.0;3.0;71.0;283.0;0.0;0.0;0.0;0.0;0.0;0.0;0.0;-54.0;0.0;0.0;0.0;0.0;0.0;0.0;0.0;0.0;56066000.0;8310000.0;10030000.0;0.0;-8310000.0;42100000.0;455000.0;2676000.0
EQMA3B;ON MB;CEMAR ON MB;Energia Elétrica;30.49;28/05/2026;24.56;34.58;10242.0;5005970000.0;8588570000.0;31/03/2026;164184000;301.0;568.0;537.0;107.0;2855.0;0.0;0.0;0.0;0.0;0.0;0.0;0.0;144.0;0.0;0.0;27.0;0.0;0.0;0.0;0.0;0.0;11583900000.0;740046000.0;2728790000.0;4322640000.0;3582600000.0;4686790000.0;881804000.0;272311000.0
EQPA3;ON;EQTL PARA ON;Energia Elétrica;5.92;28/05/2026;5.35;7.21;74366.0;13077700000.0;18943000000.0;31/03/2026;2209070000;-166.0;847.0;70.0;235.0;252.0;0.0;0.0;0.0;0.0;0.0;0.0;0.0;143.0;0.0;0.0;23.0;0.0;0.0;0.0;0.0;0.0;19828500000.0;3078030000.0;6637410000.0;8943350000.0;5865320000.0;5563580000.0;1543920000.0;384415000.0
EQPA5;PNA;EQTL PARA PNA;Energia Elétrica;16.4;19/05/2026;5.27;16.85;1359.0;36228800000.0;42094100000.0;31/03/2026;2209070000;0.0;2347.0;70.0;651.0;252.0;0.0;0.0;0.0;0.0;0.0;0.0;0.0;143.0;0.0;0.0;8.0;0.0;0.0;0.0;0.0;0.0;19828500000.0;3078030000.0;6637410000.0;8943350000.0;5865320000.0;5563580000.0;1543920000.0;384415000.0
EQPA7;PNC;EQTL PARA PNC;Energia Elétrica;10.0;23/01/2026;5.51;10.0;0.0;22090700000.0;27956100000.0;31/03/2026;2209070000;0.0;1431.0;70.0;397.0;252.0;0.0;0.0;0.0;0.0;0.0;0.0;0.0;143.0;0.0;0.0;13.0;0.0;0.0;0.0;0.0;0.0;19828500000.0;3078030000.0;6637410000.0;8943350000.0;5865320000.0;5563580000.0;1543920000.0;384415000.0
EQTL3;ON NM;EQUATORIAL ENERGIA S.A. ON NM;Energia Elétrica;38.2;28/05/2026;32.34;45.35;342699000.0;48102800000.0;94050700000.0;31/03/2026;1259240000;55.0;3110.0;123.0;187.0;2040.0;0.0;0.0;0.0;0.0;0.0;0.0;0.0;88.0;0.0;0.0;41.0;0.0;0.0;0.0;0.0;0.0;111792000000.0;10893500000.0;27293700000.0;56841400000.0;45947900000.0;25686500000.0;1546650000.0;424465000.0
ESPA3;ON NM;ESPACOLASER ON NM;Comércio;0.81;28/05/2026;0.79;1.3;1121540.0;292753000.0;918745000.0;31/03/2026;361423000;-357.0;1838.0;4.0;34.0;241.0;0.0;0.0;0.0;0.0;0.0;0.0;0.0;76.0;0.0;0.0;47.0;0.0;0.0;0.0;0.0;0.0;2235380000.0;172031000.0;1045770000.0;798023000.0;625992000.0;869363000.0;15930000.0;12511000.0
ESTR3;ON;ESTRELA ON;Viagens e Lazer;3.01;23/03/2026;3.01;5.1;0.0;24332800.0;163853000.0;30/09/2025;8084000;0.0;13.0;2380.0;-12.0;-2455.0;0.0;0.0;0.0;0.0;0.0;0.0;0.0;-35.0;0.0;0.0;0.0;0.0;0.0;0.0;0.0;0.0;390000000.0;557000.0;163772000.0;140077000.0;139520000.0;-198430000.0;192370000.0;209025000.0
ESTR4;PN;ESTRELA PN;Viagens e Lazer;4.0;27/05/2026;3.0;6.49;1740.0;32336000.0;171856000.0;30/09/2025;8084000;0.0;17.0;2380.0;-16.0;-2455.0;0.0;0.0;0.0;0.0;0.0;0.0;0.0;-35.0;0.0;0.0;0.0;0.0;0.0;0.0;0.0;0.0;390000000.0;557000.0;163772000.0;140077000.0;139520000.0;-198430000.0;192370000.0;209025000.0
ETER3;ON;ETERNIT ON;Construção e Engenharia;3.5;28/05/2026;3.47;4.7;639685.0;216220000.0;340927000.0;31/03/2026;61777000;-141.0;455.0;77.0;26.0;1345.0;0.0;0.0;0.0;0.0;0.0;0.0;0.0;13.0;0.0;0.0;49.0;0.0;0.0;0.0;0.0;0.0;1395340000.0;38686000.0;533519000.0;163394000.0;124708000.0;830698000.0;47476000.0;-12256000.0
EUCA3;ON;EUCATEX ON;Madeira e Papel;26.0;27/05/2026;16.93;26.5;20749.0;2408090000.0;2933910000.0;31/03/2026;92619000;0.0;588.0;442.0;82.0;3180.0;0.0;0.0;0.0;0.0;0.0;0.0;0.0;107.0;0.0;0.0;39.0;0.0;0.0;0.0;0.0;0.0;5122950000.0;527914000.0;2033300000.0;1053730000.0;525814000.0;2944820000.0;409566000.0;186416000.0
EUCA4;PN;EUCATEX PN;Madeira e Papel;27.5;28/05/2026;15.48;27.66;2200930.0;2547020000.0;3072840000.0;31/03/2026;92619000;-18.0;622.0;442.0;86.0;3180.0;0.0;0.0;0.0;0.0;0.0;0.0;0.0;107.0;0.0;0.0;41.0;0.0;0.0;0.0;0.0;0.0;5122950000.0;527914000.0;2033300000.0;1053730000.0;525814000.0;2944820000.0;409566000.0;186416000.0
EVEN3;ON NM;Even ON NM;Construção Civil;5.75;28/05/2026;5.48;8.66;6493120.0;1150000000.0;1721370000.0;31/03/2026;200000000;-221.0;532.0;108.0;60.0;964.0;0.0;0.0;0.0;0.0;0.0;0.0;0.0;53.0;0.0;0.0;133.0;0.0;0.0;0.0;0.0;0.0;5290860000.0;924040000.0;3882020000.0;1495410000.0;571367000.0;1927510000.0;216293000.0;32509000.0
EZTC3;ON NM;EZTec ON NM;Construção Civil;13.22;28/05/2026;9.46;16.37;28047500.0;3714820000.0;3707960000.0;31/03/2026;281000000;-53.0;663.0;200.0;72.0;1833.0;0.0;0.0;0.0;0.0;0.0;0.0;0.0;45.0;0.0;0.0;86.0;0.0;0.0;0.0;0.0;0.0;7339970000.0;1721230000.0;3351740000.0;1714370000.0;-6862980.0;5150250000.0;560612000.0;119699000.0
FESA3;ON;FERBASA ON;Siderurgia e Metalurgia;11.33;28/05/2026;10.35;13.5;3143.0;4001470000.0;3362360000.0;31/03/2026;353175000;-667.0;2475.0;46.0;122.0;929.0;0.0;0.0;0.0;0.0;0.0;0.0;0.0;33.0;0.0;0.0;59.0;0.0;0.0;0.0;0.0;0.0;4417890000.0;997935000.0;1758030000.0;358825000.0;-639110000.0;3281840000.0;161674000.0;-2521000.0
FESA4;PN;FERBASA PN;Siderurgia e Metalurgia;6.14;28/05/2026;5.6;8.69;6025290.0;2168490000.0;1529380000.0;31/03/2026;353175000;0.0;1341.0;46.0;66.0;929.0;0.0;0.0;0.0;0.0;0.0;0.0;0.0;33.0;0.0;0.0;119.0;0.0;0.0;0.0;0.0;0.0;4417890000.0;997935000.0;1758030000.0;358825000.0;-639110000.0;3281840000.0;161674000.0;-2521000.0
FHER3;ON NM;Fer Heringer ON NM;Químicos;4.05;28/05/2026;3.71;5.4;17807.0;218121000.0;117826000.0;31/03/2026;53857000;50.0;-100.0;-403.0;-17.0;-2423.0;0.0;0.0;0.0;0.0;0.0;0.0;0.0;-158.0;0.0;0.0;0.0;0.0;0.0;0.0;0.0;0.0;1826010000.0;149300000.0;958098000.0;49005000.0;-100295000.0;-1304840000.0;-217194000.0;14625000.0
FICT3;ON;FICTORALIMEN ON;Alimentos Processados;0.24;28/05/2026;0.18;3.9;16182.0;10526900.0;-31877100.0;30/09/2025;43862000;435.0;-41.0;-58.0;18.0;135.0;0.0;0.0;0.0;0.0;0.0;0.0;0.0;-95.0;0.0;0.0;0.0;0.0;0.0;0.0;0.0;0.0;90012000.0;52721000.0;80830000.0;10317000.0;-42404000.0;59287000.0;-25639000.0;-2292000.0
FIEI3;ON;FICA ON;Construção Civil;12.6;13/02/2026;11.0;24.5;0.0;30517200.0;49198200.0;31/12/2025;2422000;0.0;-369.0;-341.0;43.0;2939.0;0.0;0.0;0.0;0.0;0.0;0.0;0.0;-40.0;0.0;0.0;0.0;0.0;0.0;0.0;0.0;0.0;110251000.0;4413000.0;6341000.0;23094000.0;18681000.0;71172000.0;-8268000.0;-1506000.0
FIQE3;ON NM;UNIFIQUE ON NM;Telecomunicações;6.57;28/05/2026;2.78;7.69;6369120.0;2622000000.0;2941400000.0;31/03/2026;399087000;46.0;1176.0;56.0;224.0;293.0;0.0;0.0;0.0;0.0;0.0;0.0;0.0;111.0;0.0;0.0;108.0;0.0;0.0;0.0;0.0;0.0;3033950000.0;705375000.0;961164000.0;1024770000.0;319396000.0;1168800000.0;222931000.0;50887000.0
FLRY3;ON NM;FLEURY ON NM;Serv.Méd.Hospit. Análises e Diagnósticos;15.74;28/05/2026;11.72;17.95;38326600.0;8612790000.0;11819600000.0;31/03/2026;547191000;-150.0;1357.0;116.0;166.0;947.0;0.0;0.0;0.0;0.0;0.0;0.0;0.0;96.0;0.0;0.0;69.0;0.0;0.0;0.0;0.0;0.0;13325700000.0;2150200000.0;4650340000.0;5357030000.0;3206830000.0;5182610000.0;634757000.0;201212000.0
FRAS3;ON;FRAS-LE S.A. ON;Material de Transporte;22.0;28/05/2026;20.85;27.08;5621020.0;6167370000.0;7611220000.0;31/03/2026;280335000;-27.0;2435.0;90.0;256.0;858.0;0.0;0.0;0.0;0.0;0.0;0.0;0.0;103.0;0.0;0.0;31.0;0.0;0.0;0.0;0.0;0.0;6974020000.0;1229200000.0;3354180000.0;2673050000.0;1443850000.0;2406440000.0;253284000.0;44112000.0
FRIO3;ON NM;Metalfrio ON NM;Máquinas e Equipamentos;210.0;26/05/2026;167.98;280.0;9561.0;1340220000.0;2059890000.0;31/03/2026;6382000;0.0;2269.0;925.0;343.0;6126.0;0.0;0.0;0.0;0.0;0.0;0.0;0.0;80.0;0.0;0.0;0.0;0.0;0.0;0.0;0.0;0.0;1993070000.0;104384000.0;1363460000.0;824053000.0;719669000.0;390960000.0;59058000.0;17666000.0
GEPA3;ON;DUKE ENERGY INT,GERAÇÃO PARANAPANEMA SA ON;Energia Elétrica;35.22;25/05/2026;27.17;37.99;4628.0;3325930000.0;4370730000.0;31/03/2026;94433000;0.0;18867.0;19.0;245.0;1435.0;0.0;0.0;0.0;0.0;0.0;0.0;0.0;14.0;0.0;0.0;182.0;0.0;0.0;0.0;0.0;0.0;4118550000.0;258266000.0;522753000.0;1303070000.0;1044800000.0;1355540000.0;17628000.0;114768000.0
GEPA4;PN;DUKE ENERGY INT,GERAÇÃO PARANAPANEMA SA PN;Energia Elétrica;36.5;26/05/2026;28.45;42.23;18163.0;3446800000.0;4491600000.0;31/03/2026;94433000;0.0;19553.0;19.0;254.0;1435.0;0.0;0.0;0.0;0.0;0.0;0.0;0.0;14.0;0.0;0.0;175.0;0.0;0.0;0.0;0.0;0.0;4118550000.0;258266000.0;522753000.0;1303070000.0;1044800000.0;1355540000.0;17628000.0;114768000.0
GFSA3;ON;GAFISA ON;Construção Civil;1.13;28/05/2026;1.11;25.65;1636740.0;27703100.0;1472910000.0;31/03/2026;24516000;-88.0;-5.0;-2494.0;2.0;6254.0;0.0;0.0;0.0;0.0;0.0;0.0;0.0;-58.0;0.0;0.0;0.0;0.0;0.0;0.0;0.0;0.0;4728600000.0;177156000.0;2527780000.0;1622360000.0;1445210000.0;1533210000.0;-611320000.0;-45639000.0
GGBR3;ON N1;GERDAU S.A. ON N1;Siderurgia e Metalurgia;20.19;28/05/2026;13.71;20.6;823180.0;40080300000.0;48324900000.0;31/03/2026;1985160000;-117.0;2445.0;83.0;76.0;2658.0;0.0;0.0;0.0;0.0;0.0;0.0;0.0;77.0;0.0;0.0;34.0;0.0;0.0;0.0;0.0;0.0;81047500000.0;5589840000.0;28573500000.0;13834400000.0;8244570000.0;52772500000.0;1639580000.0;1002050000.0
GGBR4;PN N1;GERDAU S.A. PN N1;Siderurgia e Metalurgia;23.5;28/05/2026;14.73;24.18;244276000.0;46651200000.0;54895700000.0;31/03/2026;1985160000;-101.0;2845.0;83.0;88.0;2658.0;0.0;0.0;0.0;0.0;0.0;0.0;0.0;77.0;0.0;0.0;29.0;0.0;0.0;0.0;0.0;0.0;81047500000.0;5589840000.0;28573500000.0;13834400000.0;8244570000.0;52772500000.0;1639580000.0;1002050000.0
GGPS3;ON NM;GPS ON NM;Serviços Diversos;12.4;28/05/2026;12.4;19.55;52051100.0;9329150000.0;11707000000.0;31/03/2026;752350000;-135.0;1412.0;88.0;226.0;548.0;0.0;0.0;0.0;0.0;0.0;0.0;0.0;86.0;0.0;0.0;24.0;0.0;0.0;0.0;0.0;0.0;15631400000.0;3766020000.0;8813060000.0;6143860000.0;2377840000.0;4122180000.0;660617000.0;122592000.0
GMAT3;ON NM;GRUPO MATEUS ON NM;Comércio e Distribuição;4.14;28/05/2026;4.1;8.08;43848900.0;9537290000.0;10273200000.0;31/03/2026;2303690000;-282.0;551.0;75.0;87.0;475.0;0.0;0.0;0.0;0.0;0.0;0.0;0.0;80.0;0.0;0.0;45.0;0.0;0.0;0.0;0.0;0.0;24737400000.0;1984240000.0;12952500000.0;2720120000.0;735883000.0;10935700000.0;1731290000.0;212881000.0
GOAU3;ON N1;METALÚRGICA GERDAU ON N1;Siderurgia e Metalurgia;9.45;28/05/2026;6.17;10.02;443394.0;12520400000.0;20737900000.0;31/03/2026;1324910000;-125.0;2177.0;43.0;66.0;1428.0;0.0;0.0;0.0;0.0;0.0;0.0;0.0;76.0;0.0;0.0;35.0;0.0;0.0;0.0;0.0;0.0;81113400000.0;5616880000.0;28638900000.0;13834400000.0;8217530000.0;18917700000.0;575182000.0;356454000.0
GOAU4;PN N1;METALÚRGICA GERDAU PN N1;Siderurgia e Metalurgia;10.22;28/05/2026;6.03;10.44;86792900.0;13540600000.0;21758100000.0;31/03/2026;1324910000;-97.0;2354.0;43.0;72.0;1428.0;0.0;0.0;0.0;0.0;0.0;0.0;0.0;76.0;0.0;0.0;33.0;0.0;0.0;0.0;0.0;0.0;81113400000.0;5616880000.0;28638900000.0;13834400000.0;8217530000.0;18917700000.0;575182000.0;356454000.0
GPAR3;ON;CELGPAR ON;Energia Elétrica;10.0;16/04/2026;10.0;24.98;73.0;796770000.0;796770000.0;31/03/2026;79677000;0.0;-12538.0;-8.0;0.0;0.0;0.0;0.0;0.0;0.0;0.0;0.0;0.0;0.0;0.0;0.0;152.0;0.0;0.0;0.0;0.0;0.0;0.0;0.0;0.0;0.0;0.0;0.0;-6355000.0;0.0
GRND3;ON;GRENDENE SA ON;Tecidos, Vestuário e Calçados;4.04;28/05/2026;3.49;4.95;17190700.0;3644730000.0;2995000000.0;31/03/2026;902160000;0.0;575.0;70.0;115.0;352.0;0.0;0.0;0.0;0.0;0.0;0.0;0.0;60.0;0.0;0.0;381.0;0.0;0.0;0.0;0.0;0.0;4106730000.0;800418000.0;2302510000.0;150687000.0;-649731000.0;3173820000.0;633582000.0;102138000.0
GSHP3;ON NM;Generalshopp ON NM;Exploração de Imóveis;2.81;27/05/2026;2.68;5.5;730.0;5419840.0;2092170000.0;31/03/2026;1928770;0.0;-1.0;-19951.0;0.0;-93043.0;0.0;0.0;0.0;0.0;0.0;0.0;0.0;67.0;0.0;0.0;0.0;0.0;0.0;0.0;0.0;0.0;1023310000.0;48585000.0;122224000.0;2135330000.0;2086750000.0;-1794590000.0;-384816000.0;-282840000.0
HAGA3;ON;HAGA ON;Construção e Engenharia;2.45;28/05/2026;1.63;3.09;20134.0;29155000.0;-1295490.0;31/03/2026;11900000;-200.0;1118.0;22.0;-61.0;-405.0;0.0;0.0;0.0;0.0;0.0;0.0;0.0;-23.0;0.0;0.0;0.0;0.0;0.0;0.0;0.0;0.0;73081400.0;51204600.0;65602700.0;20754100.0;-30450500.0;-48164200.0;2608810.0;1003900.0
HAGA4;ON;HAGA ON;Construção e Engenharia;1.55;28/05/2026;1.01;1.71;37117.0;18445000.0;-12005500.0;31/03/2026;11900000;197.0;707.0;22.0;-38.0;-405.0;0.0;0.0;0.0;0.0;0.0;0.0;0.0;-23.0;0.0;0.0;0.0;0.0;0.0;0.0;0.0;0.0;73081400.0;51204600.0;65602700.0;20754100.0;-30450500.0;-48164200.0;2608810.0;1003900.0
HAPV3;ON NM;HAPVIDA ON NM;Serv.Méd.Hospit. Análises e Diagnósticos;12.48;28/05/2026;8.21;43.05;137392000.0;6272840000.0;11246400000.0;31/03/2026;502631000;65.0;-1463.0;-85.0;13.0;9580.0;0.0;0.0;0.0;0.0;0.0;0.0;0.0;15.0;0.0;0.0;0.0;0.0;0.0;0.0;0.0;0.0;72988300000.0;8330390000.0;11212600000.0;13303900000.0;4973540000.0;48152100000.0;-428845000.0;-100976000.0
HBOR3;ON;Helbor ON;Construção Civil;2.45;28/05/2026;1.89;4.04;2380120.0;327935000.0;1996530000.0;31/03/2026;133851000;-81.0;5836.0;4.0;23.0;1082.0;0.0;0.0;0.0;0.0;0.0;0.0;0.0;22.0;0.0;0.0;54.0;0.0;0.0;0.0;0.0;0.0;6663830000.0;288247000.0;3066810000.0;1956850000.0;1668600000.0;1447670000.0;5619000.0;1930000.0
HBRE3;ON NM;HBR REALTY ON NM;Exploração de Imóveis;2.82;28/05/2026;2.18;3.87;1141150.0;290993000.0;1625390000.0;31/03/2026;103189000;-105.0;970.0;29.0;16.0;1754.0;0.0;0.0;0.0;0.0;0.0;0.0;0.0;72.0;0.0;0.0;413.0;0.0;0.0;0.0;0.0;0.0;4889230000.0;220977000.0;419473000.0;1555370000.0;1334400000.0;1809910000.0;29984000.0;-25711000.0
HBSA3;ON NM;HIDROVIAS ON NM;Transporte;3.19;28/05/2026;3.15;4.38;8594870.0;4339620000.0;7138020000.0;31/03/2026;1360380000;-93.0;-2189.0;-15.0;216.0;147.0;0.0;0.0;0.0;0.0;0.0;0.0;0.0;89.0;0.0;0.0;0.0;0.0;0.0;0.0;0.0;0.0;6188130000.0;918598000.0;1546880000.0;3717000000.0;2798400000.0;2005730000.0;-198254000.0;-34172000.0
HBTS5;PNA;CIA HABITASUL PNA;Exploração de Imóveis;30.0;14/05/2026;22.36;33.0;4640.0;274011000.0;447502000.0;31/03/2026;9133690;0.0;326.0;921.0;42.0;7198.0;0.0;0.0;0.0;0.0;0.0;0.0;0.0;-41.0;0.0;0.0;241.0;0.0;0.0;0.0;0.0;0.0;1672530000.0;25009000.0;139788000.0;198500000.0;173491000.0;657454000.0;84102000.0;17373000.0
HETA4;PN;HERCULES S/A PN;Utilidades Domésticas;4.91;27/05/2026;4.51;5.8;412.0;2504100.0;327072000.0;31/03/2026;510000;0.0;324.0;151.0;-1.0;-68623.0;0.0;0.0;0.0;0.0;0.0;0.0;0.0;394.0;0.0;0.0;0.0;0.0;0.0;0.0;0.0;0.0;10389000.0;14000.0;1067000.0;324582000.0;324568000.0;-349975000.0;772000.0;-89000.0
HOOT4;PN;HOTEIS OTHON S.A. PN;Hoteis e Restaurantes;7.04;28/05/2026;3.57;8.1;43621.0;129339000.0;75351900.0;31/03/2026;18372000;0.0;372.0;189.0;-989.0;-71.0;0.0;0.0;0.0;0.0;0.0;0.0;0.0;106.0;0.0;0.0;0.0;0.0;0.0;0.0;0.0;0.0;550310000.0;53987000.0;133324000.0;0.0;-53987000.0;-13077000.0;34803000.0;16723000.0
HYPE3;ON;HYPERA ON;Comércio e Distribuição;22.41;28/05/2026;20.25;27.02;87046600.0;15776800000.0;22009600000.0;31/03/2026;704009000;-27.0;938.0;239.0;112.0;2006.0;0.0;0.0;0.0;0.0;0.0;0.0;0.0;95.0;0.0;0.0;47.0;0.0;0.0;0.0;0.0;0.0;26001000000.0;2310910000.0;6712350000.0;8543670000.0;6232760000.0;14122900000.0;1682690000.0;347378000.0
IFCM3;ON NM;INFRACOMM ON NM;Programas e Serviços;0.62;28/05/2026;0.51;27.17;172749.0;85432100.0;467167000.0;31/03/2026;137794000;0.0;-24.0;-259.0;56.0;111.0;0.0;0.0;0.0;0.0;0.0;0.0;0.0;-93.0;0.0;0.0;0.0;0.0;0.0;0.0;0.0;0.0;1273340000.0;121351000.0;623494000.0;503086000.0;381735000.0;152309000.0;-356657000.0;-59545000.0
IGBR3;ON;GRADIENTE ON;Exploração de Imóveis;175.99;06/06/2023;26.0;175.99;10393.0;219988000.0;466609000.0;30/09/2022;1250000;0.0;56.0;31299.0;-34.0;-52077.0;0.0;0.0;0.0;0.0;0.0;0.0;0.0;-280.0;0.0;0.0;0.0;0.0;0.0;0.0;0.0;0.0;212516000.0;105387000.0;109976000.0;352009000.0;246622000.0;-650957000.0;391238000.0;415155000.0
IGTI11;UNT N1;IGUATEMI S.A UNT N1;Exploração de Imóveis;26.19;28/05/2026;20.39;30.38;54820000.0;7771320000.0;9679780000.0;31/03/2026;2077100000;19.0;1091.0;240.0;160.0;1641.0;0.0;0.0;0.0;0.0;0.0;0.0;0.0;99.0;0.0;0.0;7.0;0.0;0.0;0.0;0.0;0.0;9677180000.0;2033270000.0;2561980000.0;3941730000.0;1908460000.0;4869720000.0;712611000.0;237585000.0
IGTI3;ON N1;IGUATEMI S.A ON N1;Exploração de Imóveis;3.38;28/05/2026;2.37;3.72;235476.0;7020590000.0;8929050000.0;31/03/2026;2077100000;-203.0;985.0;34.0;144.0;234.0;0.0;0.0;0.0;0.0;0.0;0.0;0.0;99.0;0.0;0.0;8.0;0.0;0.0;0.0;0.0;0.0;9677180000.0;2033270000.0;2561980000.0;3941730000.0;1908460000.0;4869720000.0;712611000.0;237585000.0
INEP3;ON;INEPAR S/A ON;Máquinas e Equipamentos;2.05;28/05/2026;1.04;2.52;209261.0;111519000.0;950119000.0;31/03/2026;54399500;0.0;-22.0;-946.0;-6.0;-3247.0;0.0;0.0;0.0;0.0;0.0;0.0;0.0;-1101.0;0.0;0.0;0.0;0.0;0.0;0.0;0.0;0.0;348839000.0;415000.0;116390000.0;839015000.0;838600000.0;-1766110000.0;-514836000.0;-66484000.0
INEP4;PN;INEPAR S/A PN;Máquinas e Equipamentos;2.05;28/05/2026;1.02;2.19;97011.0;111519000.0;950119000.0;31/03/2026;54399500;0.0;-22.0;-946.0;-6.0;-3247.0;0.0;0.0;0.0;0.0;0.0;0.0;0.0;-1101.0;0.0;0.0;0.0;0.0;0.0;0.0;0.0;0.0;348839000.0;415000.0;116390000.0;839015000.0;838600000.0;-1766110000.0;-514836000.0;-66484000.0
INTB3;ON NM;INTELBRAS ON NM;Computadores e Equipamentos;14.01;28/05/2026;10.15;15.39;31668700.0;4589830000.0;4249380000.0;31/03/2026;327611000;-57.0;798.0;175.0;146.0;960.0;0.0;0.0;0.0;0.0;0.0;0.0;0.0;98.0;0.0;0.0;81.0;0.0;0.0;0.0;0.0;0.0;5404260000.0;1315960000.0;3957940000.0;975508000.0;-340454000.0;3143670000.0;574861000.0;153527000.0
IRBR3;ON NM;IRBBRASIL RE ON NM;Previdência e Seguros;52.25;28/05/2026;42.92;63.22;36776200.0;4276300000.0;0.0;31/03/2026;81843000;-89.0;-10550.0;-50.0;80.0;6494.0;0.0;0.0;0.0;0.0;0.0;0.0;0.0;26.0;0.0;0.0;18.0;0.0;0.0;0.0;0.0;0.0;15445700000.0;0.0;0.0;0.0;0.0;5314840000.0;-40532000.0;93568000.0
ISAE3;ON;ISA ENERGIA ON;Energia Elétrica;34.2;28/05/2026;28.34;35.25;76833.0;22533800000.0;37521700000.0;31/03/2026;658883000;188.0;961.0;356.0;105.0;3252.0;0.0;0.0;0.0;0.0;0.0;0.0;0.0;75.0;0.0;0.0;54.0;0.0;0.0;0.0;0.0;0.0;47938900000.0;1309080000.0;6457570000.0;16297000000.0;14987900000.0;21426500000.0;2343720000.0;609060000.0
ISAE4;PN;ISA ENERGIA PN;Energia Elétrica;27.09;28/05/2026;19.97;31.63;87309000.0;17849100000.0;32837000000.0;31/03/2026;658883000;-106.0;762.0;356.0;83.0;3252.0;0.0;0.0;0.0;0.0;0.0;0.0;0.0;75.0;0.0;0.0;68.0;0.0;0.0;0.0;0.0;0.0;47938900000.0;1309080000.0;6457570000.0;16297000000.0;14987900000.0;21426500000.0;2343720000.0;609060000.0
ITSA3;ON N1;ITAÚSA ON N1;Intermediários Financeiros;13.13;28/05/2026;9.19;14.87;2637390.0;147236000000.0;151486000000.0;31/03/2026;11213700000;-38.0;867.0;151.0;163.0;804.0;0.0;0.0;0.0;0.0;0.0;0.0;0.0;3.0;0.0;0.0;93.0;0.0;0.0;0.0;0.0;0.0;114503000000.0;0.0;0.0;0.0;0.0;4250000000.0;380000000.0;134000000.0
ITSA4;PN N1;ITAÚSA PN N1;Intermediários Financeiros;12.97;28/05/2026;9.16;15.0;417424000.0;145442000000.0;149692000000.0;31/03/2026;11213700000;-77.0;856.0;151.0;161.0;804.0;0.0;0.0;0.0;0.0;0.0;0.0;0.0;3.0;0.0;0.0;95.0;0.0;0.0;0.0;0.0;0.0;114503000000.0;0.0;0.0;0.0;0.0;4250000000.0;380000000.0;134000000.0
ITUB3;ON N1;ITAUUNIBANCO ON N1;Intermediários Financeiros;40.28;28/05/2026;27.7;46.86;109113000.0;444162000000.0;0.0;31/03/2026;11026900000;-127.0;956.0;421.0;222.0;1812.0;0.0;0.0;0.0;0.0;0.0;0.0;0.0;0.0;0.0;0.0;85.0;0.0;0.0;0.0;0.0;0.0;479305000000.0;0.0;0.0;0.0;0.0;199777000000.0;46437000000.0;11654000000.0
ITUB4;PN N1;ITAUUNIBANCO PN N1;Intermediários Financeiros;40.0;28/05/2026;31.23;49.03;1189070000.0;441075000000.0;0.0;31/03/2026;11026900000;-79.0;950.0;421.0;221.0;1812.0;0.0;0.0;0.0;0.0;0.0;0.0;0.0;0.0;0.0;0.0;86.0;0.0;0.0;0.0;0.0;0.0;479305000000.0;0.0;0.0;0.0;0.0;199777000000.0;46437000000.0;11654000000.0
JALL3;ON NM;JALLESMACHAD ON NM;Alimentos Processados;2.65;28/05/2026;2.55;4.17;3735200.0;804386000.0;4082020000.0;31/12/2025;303542000;-38.0;1730.0;15.0;39.0;680.0;0.0;0.0;0.0;0.0;0.0;0.0;0.0;-26.0;0.0;0.0;0.0;0.0;0.0;0.0;0.0;0.0;7958290000.0;2058970000.0;3337920000.0;5336600000.0;3277630000.0;2063540000.0;46507000.0;55414000.0
JFEN3;ON;JOÃO FORTES ENGENHARIA S.A. ON;Construção Civil;0.62;28/05/2026;0.62;2.04;6628.0;7937860.0;351829000.0;31/03/2026;12803000;-313.0;-4.0;-1456.0;-3.0;-2241.0;0.0;0.0;0.0;0.0;0.0;0.0;0.0;-111.0;0.0;0.0;0.0;0.0;0.0;0.0;0.0;0.0;716832000.0;2217000.0;609647000.0;346108000.0;343891000.0;-286871000.0;-186406000.0;-3901000.0
JHSF3;ON NM;JHSF Part ON NM;Construção Civil;10.97;28/05/2026;4.66;14.11;73304500.0;7500800000.0;8659470000.0;31/03/2026;683756000;111.0;392.0;280.0;106.0;1033.0;0.0;0.0;0.0;0.0;0.0;0.0;0.0;93.0;0.0;0.0;54.0;0.0;0.0;0.0;0.0;0.0;18159900000.0;4243000000.0;7159620000.0;5401660000.0;1158660000.0;7062100000.0;1915400000.0;369687000.0
JOPA3;ON;JOSAPAR S/A ON;Alimentos Processados;16.8;26/05/2026;16.69;21.6;8288.0;177778000.0;605789000.0;31/03/2026;10582000;0.0;1368.0;123.0;29.0;5796.0;0.0;0.0;0.0;0.0;0.0;0.0;0.0;38.0;0.0;0.0;19.0;0.0;0.0;0.0;0.0;0.0;2263710000.0;740533000.0;1667380000.0;1168540000.0;428011000.0;613367000.0;12995000.0;2055000.0
JSLG3;ON NM;JULIO SIMOES ON NM;Transporte;6.65;28/05/2026;3.86;8.64;7151640.0;1897700000.0;8313860000.0;31/03/2026;285369000;-148.0;-1996.0;-33.0;163.0;409.0;0.0;0.0;0.0;0.0;0.0;0.0;0.0;81.0;0.0;0.0;289.0;0.0;0.0;0.0;0.0;0.0;12023900000.0;1435420000.0;4342630000.0;7851570000.0;6416160000.0;1166290000.0;-95096000.0;-144908000.0
KEPL3;ON;KEPLER WEBER SA ON;Máquinas e Equipamentos;7.07;28/05/2026;6.68;10.45;10302200.0;1270620000.0;1230920000.0;31/03/2026;179720000;100.0;859.0;82.0;160.0;441.0;0.0;0.0;0.0;0.0;0.0;0.0;0.0;93.0;0.0;0.0;61.0;0.0;0.0;0.0;0.0;0.0;1516650000.0;375759000.0;1002180000.0;336063000.0;-39696000.0;791850000.0;147846000.0;17128000.0
KLBN11;UNT N2;KLABIN UNT N2;Madeira e Papel;16.67;28/05/2026;16.08;21.02;101635000.0;20809100000.0;45511000000.0;31/03/2026;6241480000;-66.0;2786.0;60.0;230.0;725.0;0.0;0.0;0.0;0.0;0.0;0.0;0.0;50.0;0.0;0.0;85.0;0.0;0.0;0.0;0.0;0.0;62090600000.0;8885060000.0;16094500000.0;33587000000.0;24701900000.0;9046010000.0;746913000.0;-530056000.0
KLBN3;ON N2;KLABIN ON N2;Madeira e Papel;3.37;28/05/2026;3.24;4.21;4857000.0;21033800000.0;45735700000.0;31/03/2026;6241480000;-88.0;2816.0;12.0;233.0;145.0;0.0;0.0;0.0;0.0;0.0;0.0;0.0;50.0;0.0;0.0;84.0;0.0;0.0;0.0;0.0;0.0;62090600000.0;8885060000.0;16094500000.0;33587000000.0;24701900000.0;9046010000.0;746913000.0;-530056000.0
KLBN4;PN N2;KLABIN PN N2;Madeira e Papel;3.35;28/05/2026;3.21;4.18;21423300.0;20909000000.0;45610900000.0;31/03/2026;6241480000;-30.0;2799.0;12.0;231.0;145.0;0.0;0.0;0.0;0.0;0.0;0.0;0.0;50.0;0.0;0.0;84.0;0.0;0.0;0.0;0.0;0.0;62090600000.0;8885060000.0;16094500000.0;33587000000.0;24701900000.0;9046010000.0;746913000.0;-530056000.0
LAND3;ON NM;TERRASANTAPA ON NM;Agropecuária;8.48;28/05/2026;7.26;11.99;343571.0;816005000.0;885924000.0;31/03/2026;96227000;12.0;24788.0;3.0;122.0;693.0;0.0;0.0;0.0;0.0;0.0;0.0;0.0;68.0;0.0;0.0;0.0;0.0;0.0;0.0;0.0;0.0;969707000.0;40487000.0;129374000.0;110406000.0;69919000.0;666441000.0;3292000.0;8253000.0
LAVV3;ON NM;LAVVI ON NM;Construção Civil;11.7;28/05/2026;9.87;18.94;9719180.0;2286580000.0;2763210000.0;31/03/2026;195434000;0.0;576.0;203.0;167.0;700.0;0.0;0.0;0.0;0.0;0.0;0.0;0.0;78.0;0.0;0.0;220.0;0.0;0.0;0.0;0.0;0.0;4640110000.0;895504000.0;4033380000.0;1372140000.0;476633000.0;1367560000.0;397060000.0;69871000.0
LEVE3;ON;MAHLE METAL LEVE ON;Automóveis e Motocicletas;33.39;28/05/2026;24.35;35.6;14189700.0;4525650000.0;5519660000.0;31/03/2026;135539000;85.0;681.0;490.0;422.0;790.0;0.0;0.0;0.0;0.0;0.0;0.0;0.0;239.0;0.0;0.0;85.0;0.0;0.0;0.0;0.0;0.0;3830270000.0;530020000.0;2354140000.0;1524040000.0;994017000.0;1071200000.0;664253000.0;214251000.0
LIGT3;ON;LIGHT SA ON;Energia Elétrica;2.91;28/05/2026;2.52;7.3;9708080.0;1084140000.0;9502520000.0;31/03/2026;372555000;430.0;41.0;702.0;13.0;2234.0;0.0;0.0;0.0;0.0;0.0;0.0;0.0;44.0;0.0;0.0;0.0;0.0;0.0;0.0;0.0;0.0;28283300000.0;1416760000.0;5010900000.0;9835150000.0;8418380000.0;8323140000.0;2615270000.0;2821420000.0
LJQQ3;ON NM;QUERO-QUERO ON NM;Comércio;1.43;28/05/2026;1.36;3.01;5638340.0;278954000.0;74309400.0;31/03/2026;195073000;142.0;-145.0;-99.0;81.0;176.0;0.0;0.0;0.0;0.0;0.0;0.0;0.0;1.0;0.0;0.0;0.0;0.0;0.0;0.0;0.0;0.0;3903080000.0;773103000.0;2931440000.0;568458000.0;-204645000.0;343318000.0;-192508000.0;-61666000.0
LOGG3;ON NM;LOG COM PROP ON NM;Exploração de Imóveis;26.96;28/05/2026;16.56;28.28;9353740.0;2368680000.0;4536520000.0;31/03/2026;87859000;-33.0;589.0;458.0;63.0;4259.0;0.0;0.0;0.0;0.0;0.0;0.0;0.0;27.0;0.0;0.0;152.0;0.0;0.0;0.0;0.0;0.0;6870570000.0;50441000.0;760801000.0;2218280000.0;2167840000.0;3741490000.0;402327000.0;134035000.0
LOGN3;ON NM;Log-In ON NM;Transporte;30.12;28/05/2026;23.6;39.8;449842.0;3232070000.0;4630620000.0;31/03/2026;107306000;141.0;11098.0;27.0;308.0;979.0;0.0;0.0;0.0;0.0;0.0;0.0;0.0;69.0;0.0;0.0;0.0;0.0;0.0;0.0;0.0;0.0;3813750000.0;238961000.0;1230260000.0;1637510000.0;1398550000.0;1050050000.0;29122000.0;-37949000.0
LPSB3;ON NM;LOPES BRASIL ON NM;Exploração de Imóveis;1.6;28/05/2026;1.1;2.0;299546.0;236087000.0;162361000.0;31/03/2026;147555000;-123.0;573.0;28.0;99.0;161.0;0.0;0.0;0.0;0.0;0.0;0.0;0.0;111.0;0.0;0.0;139.0;0.0;0.0;0.0;0.0;0.0;403291000.0;73726000.0;119342000.0;0.0;-73726000.0;238217000.0;41187000.0;1723000.0
LREN3;ON;RENNER ON;Comércio;15.0;28/05/2026;12.83;18.79;241497000.0;15102700000.0;13648200000.0;31/03/2026;1006840000;87.0;1011.0;148.0;146.0;1030.0;0.0;0.0;0.0;0.0;0.0;0.0;0.0;194.0;0.0;0.0;60.0;0.0;0.0;0.0;0.0;0.0;18873000000.0;1853530000.0;10955000000.0;399040000.0;-1454490000.0;10366100000.0;1493780000.0;257251000.0
LUPA3;ON NM;LUPATECH ON NM;Petróleo, Gás e Biocombustíveis;0.77;28/05/2026;0.72;1.41;57411.0;36434900.0;222241000.0;31/03/2026;47318000;267.0;-34.0;-226.0;271.0;28.0;0.0;0.0;0.0;0.0;0.0;0.0;0.0;-77.0;0.0;0.0;0.0;0.0;0.0;0.0;0.0;0.0;452921000.0;253000.0;205202000.0;186059000.0;185806000.0;13434000.0;-106902000.0;-58110000.0
LUXM4;PN;TREVISA INVESTIMENTOS SA PN;Transporte;3.4;28/05/2026;2.98;5.79;8917.0;141331000.0;132396000.0;31/03/2026;41568000;-29.0;689.0;49.0;82.0;414.0;0.0;0.0;0.0;0.0;0.0;0.0;0.0;104.0;0.0;0.0;40.0;0.0;0.0;0.0;0.0;0.0;240489000.0;26831000.0;49847000.0;17896000.0;-8935000.0;172201000.0;20512000.0;1643000.0
LWSA3;ON NM;LOCAWEB ON NM;Programas e Serviços;3.65;28/05/2026;3.37;4.72;15674000.0;2075250000.0;1772680000.0;31/03/2026;568561000;224.0;-949.0;-38.0;89.0;412.0;0.0;0.0;0.0;0.0;0.0;0.0;0.0;50.0;0.0;0.0;84.0;0.0;0.0;0.0;0.0;0.0;3519890000.0;373774000.0;1237280000.0;71203000.0;-302571000.0;2343110000.0;-218743000.0;21515000.0
MAPT3;ON;CIA MARCOPOLO ON;Outros;2.5;22/05/2026;2.5;3.01;120.0;2297500.0;2297500.0;31/03/2026;919000;0.0;-2209.0;-11.0;-35.0;-716.0;0.0;0.0;0.0;0.0;0.0;0.0;0.0;-113.0;0.0;0.0;0.0;0.0;0.0;0.0;0.0;0.0;773000.0;0.0;0.0;0.0;0.0;-6578000.0;-104000.0;-71000.0
MAPT4;PN;CIA MARCOPOLO PN;Outros;3.0;30/04/2026;2.5;5.51;22.0;2757000.0;2757000.0;31/03/2026;919000;0.0;-2651.0;-11.0;-42.0;-716.0;0.0;0.0;0.0;0.0;0.0;0.0;0.0;-113.0;0.0;0.0;0.0;0.0;0.0;0.0;0.0;0.0;773000.0;0.0;0.0;0.0;0.0;-6578000.0;-104000.0;-71000.0
MATD3;ON NM;MATER DEI ON NM;Serv.Méd.Hospit. Análises e Diagnósticos;5.2;28/05/2026;4.0;6.14;783927.0;1734450000.0;2515480000.0;31/03/2026;333549000;156.0;1401.0;37.0;116.0;449.0;0.0;0.0;0.0;0.0;0.0;0.0;0.0;92.0;0.0;0.0;29.0;0.0;0.0;0.0;0.0;0.0;4334970000.0;583971000.0;1515410000.0;1364990000.0;781024000.0;1498780000.0;123785000.0;33205000.0
MBRF3;ON NM;MARFRIG ON NM;Alimentos Processados;16.29;28/05/2026;15.03;25.6;184268000.0;22837200000.0;72496100000.0;31/03/2026;1401920000;0.0;5985.0;27.0;200.0;815.0;0.0;0.0;0.0;0.0;0.0;0.0;0.0;42.0;0.0;0.0;106.0;0.0;0.0;0.0;0.0;0.0;138367000000.0;23087100000.0;51972800000.0;72746000000.0;49658900000.0;11423900000.0;381580000.0;111256000.0
MDIA3;ON NM;M.DIASBRANCO ON NM;Alimentos Processados;19.7;28/05/2026;19.38;28.59;10870500.0;6678300000.0;6158910000.0;31/03/2026;339000000;-135.0;959.0;206.0;80.0;2466.0;0.0;0.0;0.0;0.0;0.0;0.0;0.0;67.0;0.0;0.0;54.0;0.0;0.0;0.0;0.0;0.0;12658800000.0;1922240000.0;5782880000.0;1402850000.0;-519389000.0;8361040000.0;696730000.0;106322000.0
MDNE3;ON NM;MOURA DUBEUX ON NM;Construção Civil;27.94;28/05/2026;17.02;34.28;40740300.0;2911740000.0;2995330000.0;31/03/2026;104214000;-57.0;575.0;486.0;138.0;2030.0;0.0;0.0;0.0;0.0;0.0;0.0;0.0;92.0;0.0;0.0;139.0;0.0;0.0;0.0;0.0;0.0;6167710000.0;823685000.0;3429340000.0;907277000.0;83592000.0;2115670000.0;506355000.0;156108000.0
MEAL3;ON NM;IMC S/A ON NM;Hoteis e Restaurantes;0.95;28/05/2026;0.91;1.43;303931.0;272343000.0;465535000.0;31/03/2026;286677000;-206.0;-148.0;-64.0;35.0;268.0;0.0;0.0;0.0;0.0;0.0;0.0;0.0;-10.0;0.0;0.0;0.0;0.0;0.0;0.0;0.0;0.0;2046840000.0;204903000.0;412356000.0;398095000.0;193192000.0;769498000.0;-184435000.0;-74098000.0
MELK3;ON NM;MELNICK ON NM;Construção Civil;3.27;28/05/2026;2.85;3.96;1900450.0;674501000.0;1142550000.0;31/03/2026;206269000;-151.0;545.0;60.0;63.0;522.0;0.0;0.0;0.0;0.0;0.0;0.0;0.0;54.0;0.0;0.0;160.0;0.0;0.0;0.0;0.0;0.0;2845270000.0;234343000.0;1891180000.0;702391000.0;468048000.0;1077730000.0;123669000.0;25042000.0
MERC4;PN;MERCANTIL BRASIL PN;Intermediários Financeiros;16.25;06/03/2026;12.0;16.25;0.0;666169000.0;0.0;31/12/2025;40995000;0.0;2118.0;77.0;113.0;1439.0;0.0;0.0;0.0;0.0;0.0;0.0;0.0;0.0;0.0;0.0;33.0;0.0;0.0;0.0;0.0;0.0;644348000.0;0.0;0.0;0.0;0.0;589733000.0;31453000.0;2239000.0
MGEL4;PN N1;MANGELS PN N1;Siderurgia e Metalurgia;5.26;28/05/2026;3.96;8.25;69072.0;30419700.0;532123000.0;31/03/2026;5783210;-131.0;71.0;739.0;60.0;880.0;0.0;0.0;0.0;0.0;0.0;0.0;0.0;99.0;0.0;0.0;0.0;0.0;0.0;0.0;0.0;0.0;749108000.0;22348000.0;327803000.0;524051000.0;501703000.0;50865000.0;42735000.0;3896000.0
MGLU3;ON NM;MAGAZ LUIZA ON NM;Comércio;6.35;28/05/2026;6.25;11.0;126687000.0;4927250000.0;8362560000.0;31/03/2026;775945000;-379.0;3607.0;18.0;44.0;1453.0;0.0;0.0;0.0;0.0;0.0;0.0;0.0;41.0;0.0;0.0;13.0;0.0;0.0;0.0;0.0;0.0;36712100000.0;1624850000.0;18395300000.0;5060160000.0;3435310000.0;11271100000.0;136615000.0;-55220000.0
MILS3;ON NM;MILLS ON NM;Diversos;15.21;28/05/2026;9.58;15.21;16608200.0;3561850000.0;4713110000.0;31/03/2026;234178000;46.0;828.0;184.0;200.0;759.0;0.0;0.0;0.0;0.0;0.0;0.0;0.0;161.0;0.0;0.0;70.0;0.0;0.0;0.0;0.0;0.0;4332320000.0;723923000.0;1423610000.0;1875190000.0;1151270000.0;1777790000.0;430022000.0;196975000.0
MLAS3;ON NM;MULTILASER ON NM;Computadores e Equipamentos;1.72;28/05/2026;0.86;1.72;2012590.0;1411330000.0;1220450000.0;31/03/2026;820539000;118.0;781.0;22.0;46.0;376.0;0.0;0.0;0.0;0.0;0.0;0.0;0.0;15.0;0.0;0.0;29.0;0.0;0.0;0.0;0.0;0.0;5257480000.0;624618000.0;3694180000.0;433736000.0;-190882000.0;3089240000.0;180706000.0;123448000.0
MNDL3;ON;MUNDIAL S/A ON;Tecidos, Vestuário e Calçados;18.99;28/05/2026;15.0;20.0;32954.0;188400000.0;681961000.0;31/03/2026;9921000;550.0;-505.0;-376.0;163.0;1162.0;0.0;0.0;0.0;0.0;0.0;0.0;0.0;76.0;0.0;0.0;0.0;0.0;0.0;0.0;0.0;0.0;1423770000.0;7022000.0;581236000.0;500583000.0;493561000.0;115327000.0;-37327000.0;-16011000.0
MNPR3;ON;MINUPAR ON;Alimentos Processados;3.99;28/05/2026;2.23;5.61;81944.0;283294000.0;157225000.0;31/03/2026;71001000;500.0;55.0;719.0;141.0;283.0;0.0;0.0;0.0;0.0;0.0;0.0;0.0;147.0;0.0;0.0;33.0;0.0;0.0;0.0;0.0;0.0;448576000.0;126069000.0;258770000.0;0.0;-126069000.0;201004000.0;510731000.0;11467000.0
MOAR3;ON;MONTEIRO ARANHA ON;Holdings Diversificadas;61.21;29/01/2026;58.05;135.84;0.0;749884000.0;315080000.0;30/09/2025;12251000;0.0;2351.0;260.0;81.0;7549.0;0.0;0.0;0.0;0.0;0.0;0.0;0.0;-12.0;0.0;0.0;278.0;0.0;0.0;0.0;0.0;0.0;2218610000.0;1277180000.0;1347400000.0;842371000.0;-434804000.0;924791000.0;31891000.0;30304000.0
MOTV3;ON;MOTIVA SA ON;Transporte;14.13;28/05/2026;11.97;17.55;146816000.0;28542600000.0;59359600000.0;31/03/2026;2020000000;-140.0;849.0;166.0;175.0;809.0;0.0;0.0;0.0;0.0;0.0;0.0;0.0;94.0;0.0;0.0;27.0;0.0;0.0;0.0;0.0;0.0;74159000000.0;9308000000.0;25743000000.0;40125000000.0;30817000000.0;16336000000.0;3361530000.0;627000000.0
MOVI3;ON NM;MOVIDA ON NM;Diversos;9.81;28/05/2026;5.64;14.74;80751800.0;3945180000.0;22113800000.0;31/03/2026;402159000;-180.0;1083.0;91.0;129.0;760.0;0.0;0.0;0.0;0.0;0.0;0.0;0.0;102.0;0.0;0.0;66.0;0.0;0.0;0.0;0.0;0.0;35936400000.0;5480880000.0;9057890000.0;23649500000.0;18168600000.0;3056660000.0;364410000.0;124513000.0
MRSA3B;ON MB;MRS LOGÍSTICA S/A ON MB;Transporte;42.99;11/05/2026;24.41;48.75;1190.0;14529600000.0;20437800000.0;31/03/2026;337977000;0.0;1076.0;400.0;166.0;2583.0;0.0;0.0;0.0;0.0;0.0;0.0;0.0;111.0;0.0;0.0;0.0;0.0;0.0;0.0;0.0;0.0;25817000000.0;4873330000.0;5950080000.0;10781500000.0;5908130000.0;8729610000.0;1350560000.0;78209000.0
MRSA3B;ON MB;MRS LOGÍSTICA S/A ON MB;Transporte;42.99;11/05/2026;24.41;48.75;1190.0;14529600000.0;20437800000.0;31/03/2026;337977000;0.0;1076.0;400.0;166.0;2583.0;0.0;0.0;0.0;0.0;0.0;0.0;0.0;111.0;0.0;0.0;0.0;0.0;0.0;0.0;0.0;0.0;25817000000.0;4873330000.0;5950080000.0;10781500000.0;5908130000.0;8729610000.0;1350560000.0;78209000.0
MRSA5B;PNA MB;MRS LOGÍSTICA S/A PNA MB;Transporte;38.0;29/04/2026;22.02;49.99;677.0;12843100000.0;18751300000.0;31/03/2026;337977000;0.0;951.0;400.0;147.0;2583.0;0.0;0.0;0.0;0.0;0.0;0.0;0.0;111.0;0.0;0.0;30.0;0.0;0.0;0.0;0.0;0.0;25817000000.0;4873330000.0;5950080000.0;10781500000.0;5908130000.0;8729610000.0;1350560000.0;78209000.0
MRSA5B;PNA MB;MRS LOGÍSTICA S/A PNA MB;Transporte;38.0;29/04/2026;22.02;49.99;677.0;12843100000.0;18751300000.0;31/03/2026;337977000;0.0;951.0;400.0;147.0;2583.0;0.0;0.0;0.0;0.0;0.0;0.0;0.0;111.0;0.0;0.0;30.0;0.0;0.0;0.0;0.0;0.0;25817000000.0;4873330000.0;5950080000.0;10781500000.0;5908130000.0;8729610000.0;1350560000.0;78209000.0
MRSA6B;PNB MB;MRS LOGÍSTICA S/A PNB MB;Transporte;36.5;29/04/2026;23.5;50.0;490.0;12336200000.0;18244300000.0;31/03/2026;337977000;0.0;913.0;400.0;141.0;2583.0;0.0;0.0;0.0;0.0;0.0;0.0;0.0;111.0;0.0;0.0;32.0;0.0;0.0;0.0;0.0;0.0;25817000000.0;4873330000.0;5950080000.0;10781500000.0;5908130000.0;8729610000.0;1350560000.0;78209000.0
MRSA6B;PNB MB;MRS LOGÍSTICA S/A PNB MB;Transporte;36.5;29/04/2026;23.5;50.0;490.0;12336200000.0;18244300000.0;31/03/2026;337977000;0.0;913.0;400.0;141.0;2583.0;0.0;0.0;0.0;0.0;0.0;0.0;0.0;111.0;0.0;0.0;32.0;0.0;0.0;0.0;0.0;0.0;25817000000.0;4873330000.0;5950080000.0;10781500000.0;5908130000.0;8729610000.0;1350560000.0;78209000.0
MRVE3;ON NM;MRV ON NM;Construção Civil;5.97;28/05/2026;5.29;10.43;67609500.0;3360130000.0;11291400000.0;31/03/2026;562836000;0.0;-441.0;-135.0;64.0;927.0;0.0;0.0;0.0;0.0;0.0;0.0;0.0;63.0;0.0;0.0;0.0;0.0;0.0;0.0;0.0;0.0;28247700000.0;450314000.0;15408200000.0;8381600000.0;7931290000.0;5214700000.0;-761100000.0;-77657000.0
MSPA3;ON;MELHORAMENTOS ON;Madeira e Papel;47.0;16/01/2026;44.18;47.0;0.0;301035000.0;479775000.0;31/12/2025;6405000;0.0;-921.0;-511.0;37.0;12677.0;0.0;0.0;0.0;0.0;0.0;0.0;0.0;-12.0;0.0;0.0;0.0;0.0;0.0;0.0;0.0;0.0;1432280000.0;28045000.0;128803000.0;206785000.0;178740000.0;811958000.0;-32702000.0;-1920000.0
MSPA4;PN;MELHORAMENTOS PN;Madeira e Papel;41.0;16/01/2026;39.5;41.0;0.0;262605000.0;441345000.0;31/12/2025;6405000;0.0;-803.0;-511.0;32.0;12677.0;0.0;0.0;0.0;0.0;0.0;0.0;0.0;-12.0;0.0;0.0;0.0;0.0;0.0;0.0;0.0;0.0;1432280000.0;28045000.0;128803000.0;206785000.0;178740000.0;811958000.0;-32702000.0;-1920000.0
MTRE3;ON NM;MITRE REALTY ON NM;Construção Civil;3.66;28/05/2026;2.97;4.23;1971040.0;387137000.0;872162000.0;31/03/2026;105775000;139.0;636.0;58.0;38.0;963.0;0.0;0.0;0.0;0.0;0.0;0.0;0.0;41.0;0.0;0.0;112.0;0.0;0.0;0.0;0.0;0.0;2364730000.0;181366000.0;1740160000.0;666392000.0;485026000.0;1019050000.0;60898000.0;18383000.0
MTSA4;PN;METISA PN;Máquinas e Equipamentos;47.99;28/05/2026;37.01;64.82;171622.0;421819000.0;261787000.0;31/03/2026;8789730;222.0;1086.0;442.0;91.0;5269.0;0.0;0.0;0.0;0.0;0.0;0.0;0.0;47.0;0.0;0.0;87.0;0.0;0.0;0.0;0.0;0.0;624105000.0;235440000.0;483728000.0;75407700.0;-160032000.0;463119000.0;38857400.0;7112370.0
MULT3;ON N2;Multiplan ON N2;Exploração de Imóveis;29.92;28/05/2026;24.24;35.53;105875000.0;15353900000.0;19861600000.0;31/03/2026;513164000;47.0;1255.0;238.0;237.0;1262.0;0.0;0.0;0.0;0.0;0.0;0.0;0.0;157.0;0.0;0.0;36.0;0.0;0.0;0.0;0.0;0.0;13294900000.0;913899000.0;2093770000.0;5421670000.0;4507770000.0;6475350000.0;1223220000.0;316145000.0
MWET3;ON;WETZEL S.A. ON;Material de Transporte;16.0;12/03/2026;12.57;17.0;0.0;32928000.0;142404000.0;31/03/2026;2058000;0.0;-101.0;-1587.0;-426.0;-375.0;0.0;0.0;0.0;0.0;0.0;0.0;0.0;-38.0;0.0;0.0;0.0;0.0;0.0;0.0;0.0;0.0;329530000.0;282000.0;110127000.0;109758000.0;109476000.0;-7726000.0;-32664000.0;-10507000.0
MWET4;PN;WETZEL S.A. PN;Material de Transporte;14.9;22/05/2026;8.2;25.17;4632.0;30664200.0;140140000.0;31/03/2026;2058000;0.0;-94.0;-1587.0;-397.0;-375.0;0.0;0.0;0.0;0.0;0.0;0.0;0.0;-38.0;0.0;0.0;0.0;0.0;0.0;0.0;0.0;0.0;329530000.0;282000.0;110127000.0;109758000.0;109476000.0;-7726000.0;-32664000.0;-10507000.0
MYPK3;ON;IOCHPE-MAXION ON;Automóveis e Motocicletas;9.02;28/05/2026;8.74;14.25;12057500.0;1386550000.0;5227930000.0;31/03/2026;153720000;-110.0;1517.0;59.0;34.0;2666.0;0.0;0.0;0.0;0.0;0.0;0.0;0.0;66.0;0.0;0.0;34.0;0.0;0.0;0.0;0.0;0.0;14555500000.0;1866120000.0;6730060000.0;5707500000.0;3841380000.0;4098170000.0;91411000.0;3920000.0
NATU3;ON;NATURA COSMETICOS SA ON;Produtos de Uso Pessoal e de Limpeza;10.1;28/05/2026;7.2;10.7;109463000.0;13883000000.0;17879600000.0;31/03/2026;1374560000;130.0;-597.0;-169.0;111.0;907.0;0.0;0.0;0.0;0.0;0.0;0.0;0.0;88.0;0.0;0.0;0.0;0.0;0.0;0.0;0.0;0.0;27909600000.0;2366680000.0;11583200000.0;6363200000.0;3996520000.0;12462400000.0;-2326500000.0;-444525000.0
NEOE3;ON NM;NEOENERGIA ON NM;Energia Elétrica;33.8;04/05/2026;22.56;33.8;40349300.0;41080900000.0;92728900000.0;31/03/2026;1215410000;0.0;773.0;437.0;109.0;3104.0;0.0;0.0;0.0;0.0;0.0;0.0;0.0;94.0;0.0;0.0;33.0;0.0;0.0;0.0;0.0;0.0;123612000000.0;9551000000.0;29652000000.0;61199000000.0;51648000000.0;37726000000.0;5314000000.0;1284000000.0
NEXP3;ON;NEXPE ON;Exploração de Imóveis;2.5;28/05/2026;2.5;3.96;10583.0;6638920.0;6694920.0;31/03/2026;2655570;-119.0;-22.0;-1159.0;-6.0;-3985.0;0.0;0.0;0.0;0.0;0.0;0.0;0.0;-1215.0;0.0;0.0;0.0;0.0;0.0;0.0;0.0;0.0;10196000.0;248000.0;2629000.0;304000.0;56000.0;-105814000.0;-30767000.0;-2780000.0
NGRD3;ON NM;NEOGRID ON NM;Programas e Serviços;33.2;28/05/2026;24.12;33.43;1192190.0;303479000.0;188376000.0;31/03/2026;9140940;244.0;-3089.0;-107.0;70.0;4754.0;0.0;0.0;0.0;0.0;0.0;0.0;0.0;-31.0;0.0;0.0;0.0;0.0;0.0;0.0;0.0;0.0;553982000.0;129769000.0;201819000.0;14666000.0;-115103000.0;434557000.0;-9826000.0;-5199000.0
NORD3;ON;NORDON INDS METALURGICAS SA ON;Máquinas e Equipamentos;1.84;28/05/2026;1.77;7.9;10806.0;12182600.0;42052600.0;31/03/2026;6621000;395.0;-107.0;-171.0;-7.0;-2781.0;0.0;0.0;0.0;0.0;0.0;0.0;0.0;-243.0;0.0;0.0;0.0;0.0;0.0;0.0;0.0;0.0;19192000.0;11000.0;818000.0;29881000.0;29870000.0;-184112000.0;-11333000.0;-59000.0
NUTR3;ON;NUTRIPLANT ON;Químicos;2.39;28/05/2026;2.1;3.61;10952.0;31653200.0;51239200.0;31/03/2026;13244000;391.0;435.0;55.0;63.0;377.0;0.0;0.0;0.0;0.0;0.0;0.0;0.0;26.0;0.0;0.0;0.0;0.0;0.0;0.0;0.0;0.0;124148000.0;2534000.0;79782000.0;22120000.0;19586000.0;49969000.0;7279000.0;-570000.0
OBTC3;ON ;ORANJEBTC ON ;Diversos;6.97;28/05/2026;6.15;24.0;2960280.0;2213770000.0;2304200000.0;31/03/2026;317614000;-43.0;-238.0;-293.0;179.0;388.0;0.0;0.0;0.0;0.0;0.0;0.0;0.0;-14.0;0.0;0.0;0.0;0.0;0.0;0.0;0.0;0.0;1403430000.0;68459000.0;76644000.0;158893000.0;90434000.0;1233430000.0;-930692000.0;-460706000.0
OFSA3;ON NM;OUROFINO S/A ON NM;Medicamentos e Outros Produtos;30.8;28/05/2026;19.96;33.78;400519.0;1661630000.0;1772340000.0;31/03/2026;53949000;-3.0;688.0;448.0;204.0;1513.0;0.0;0.0;0.0;0.0;0.0;0.0;0.0;167.0;0.0;0.0;42.0;0.0;0.0;0.0;0.0;0.0;1630840000.0;401103000.0;1097730000.0;511814000.0;110711000.0;816471000.0;241620000.0;21358000.0
OIBR3;ON N1;OI ON N1;Telecomunicações;0.12;28/05/2026;0.05;0.73;143110.0;39614600.0;10079100000.0;30/06/2025;330122000;-769.0;-2.0;-558.0;0.0;-4694.0;0.0;0.0;0.0;0.0;0.0;0.0;0.0;-139.0;0.0;0.0;0.0;0.0;0.0;0.0;0.0;0.0;18729700000.0;1149350000.0;4601180000.0;11188900000.0;10039500000.0;-15496000000.0;-1842360000.0;-835834000.0
OIBR4;ON N1;OI ON N1;Telecomunicações;1.22;28/05/2026;1.14;9.48;1161.0;402749000.0;10442300000.0;30/06/2025;330122000;-394.0;-22.0;-558.0;-3.0;-4694.0;0.0;0.0;0.0;0.0;0.0;0.0;0.0;-139.0;0.0;0.0;0.0;0.0;0.0;0.0;0.0;0.0;18729700000.0;1149350000.0;4601180000.0;11188900000.0;10039500000.0;-15496000000.0;-1842360000.0;-835834000.0
ONCO3;ON NM;ONCOCLINICAS ON NM;Serv.Méd.Hospit. Análises e Diagnósticos;1.31;28/05/2026;1.04;4.52;12532600.0;1486980000.0;5214310000.0;31/03/2026;1135100000;-2514.0;-39.0;-338.0;279.0;47.0;0.0;0.0;0.0;0.0;0.0;0.0;0.0;39.0;0.0;0.0;0.0;0.0;0.0;0.0;0.0;0.0;6699640000.0;112287000.0;2469730000.0;3839620000.0;3727330000.0;533367000.0;-3841500000.0;-364204000.0
OPCT3;ON NM;OCEANPACT ON NM;Petróleo, Gás e Biocombustíveis;10.55;28/05/2026;5.78;10.64;4998720.0;2109570000.0;3590030000.0;31/03/2026;199960000;-85.0;1735.0;61.0;210.0;502.0;0.0;0.0;0.0;0.0;0.0;0.0;0.0;101.0;0.0;0.0;9.0;0.0;0.0;0.0;0.0;0.0;3394320000.0;530225000.0;1147850000.0;2010680000.0;1480450000.0;1003370000.0;121588000.0;29754000.0
ORVR3;ON NM;ORIZON ON NM;Água e Saneamento;78.13;28/05/2026;47.37;83.89;54958100.0;7510390000.0;8895340000.0;31/03/2026;96126900;147.0;8810.0;89.0;514.0;1519.0;0.0;0.0;0.0;0.0;0.0;0.0;0.0;74.0;0.0;0.0;0.0;0.0;0.0;0.0;0.0;0.0;4446960000.0;855590000.0;1346330000.0;2240540000.0;1384950000.0;1459990000.0;85248000.0;18784000.0
OSXB3;ON NM;OSX BRASIL ON NM;Petróleo, Gás e Biocombustíveis;1.33;28/05/2026;1.33;2.89;1084.0;4186840.0;7926080000.0;31/03/2026;3148000;0.0;0.0;-35069.0;0.0;-323486.0;0.0;0.0;0.0;0.0;0.0;0.0;0.0;4.0;0.0;0.0;0.0;0.0;0.0;0.0;0.0;0.0;696697000.0;11408000.0;29998000.0;7933300000.0;7921890000.0;-10183300000.0;-1103970000.0;-553000.0
PATI3;ON;PANATLANTICA ON;Siderurgia e Metalurgia;34.0;20/05/2026;28.62;44.23;27273.0;813688000.0;805068000.0;31/03/2026;23932000;0.0;1669.0;204.0;107.0;3168.0;0.0;0.0;0.0;0.0;0.0;0.0;0.0;49.0;0.0;0.0;69.0;0.0;0.0;0.0;0.0;0.0;1410190000.0;301193000.0;973176000.0;292573000.0;-8620030.0;758072000.0;48762000.0;16012000.0
PATI4;PN;PANATLANTICA PN;Siderurgia e Metalurgia;30.0;14/05/2026;29.31;37.21;5880.0;717960000.0;709340000.0;31/03/2026;23932000;0.0;1472.0;204.0;95.0;3168.0;0.0;0.0;0.0;0.0;0.0;0.0;0.0;49.0;0.0;0.0;88.0;0.0;0.0;0.0;0.0;0.0;1410190000.0;301193000.0;973176000.0;292573000.0;-8620030.0;758072000.0;48762000.0;16012000.0
PCAR3;ON;PÃO DE AÇÚCAR ON;Comércio e Distribuição;1.96;28/05/2026;1.96;4.36;13374300.0;964253000.0;4170250000.0;31/03/2026;491966000;-151.0;-46.0;-425.0;146.0;135.0;0.0;0.0;0.0;0.0;0.0;0.0;0.0;101.0;0.0;0.0;0.0;0.0;0.0;0.0;0.0;0.0;16162000000.0;967000000.0;4931000000.0;4173000000.0;3206000000.0;662000000.0;-2092000000.0;-1437000000.0
PDGR3;ON NM;PDG REALT ON NM;Construção Civil;1.46;28/05/2026;0.82;72.0;87399.0;4799020.0;361961000.0;31/03/2026;3287000;-68.0;-2.0;-7358.0;0.0;-98686.0;0.0;0.0;0.0;0.0;0.0;0.0;0.0;-115.0;0.0;0.0;0.0;0.0;0.0;0.0;0.0;0.0;416692000.0;24179000.0;227233000.0;381341000.0;357162000.0;-3243800000.0;-241846000.0;-15147000.0
PDTC3;ON;PADTEC ON;Serviços Financeiros Diversos;1.41;28/05/2026;0.96;1.8;32703.0;112053000.0;304465000.0;31/03/2026;79470000;-276.0;1427.0;10.0;78.0;181.0;0.0;0.0;0.0;0.0;0.0;0.0;0.0;11.0;0.0;0.0;0.0;0.0;0.0;0.0;0.0;0.0;643555000.0;86897000.0;384311000.0;279309000.0;192412000.0;143688000.0;7850960.0;7794000.0
PEAB3;ON;CIA. DE PARTICIPAÇÕES ALIANÇA DA BAHIA ON;Holdings Diversificadas;40.0;25/05/2026;33.74;41.45;5077.0;725560000.0;693375000.0;31/03/2026;18139000;0.0;1607.0;249.0;78.0;5109.0;0.0;0.0;0.0;0.0;0.0;0.0;0.0;-13.0;0.0;0.0;37.0;0.0;0.0;0.0;0.0;0.0;1312180000.0;181416000.0;253568000.0;149231000.0;-32185000.0;926671000.0;45148000.0;14248000.0
PEAB4;PN;CIA. DE PARTICIPAÇÕES ALIANÇA DA BAHIA PN;Holdings Diversificadas;39.5;27/05/2026;34.09;46.97;8417.0;716490000.0;684306000.0;31/03/2026;18139000;0.0;1587.0;249.0;77.0;5109.0;0.0;0.0;0.0;0.0;0.0;0.0;0.0;-13.0;0.0;0.0;41.0;0.0;0.0;0.0;0.0;0.0;1312180000.0;181416000.0;253568000.0;149231000.0;-32185000.0;926671000.0;45148000.0;14248000.0
PETR3;ON;PETROBRAS ON;Petróleo, Gás e Biocombustíveis;47.54;28/05/2026;29.53;54.73;722601000.0;612730000000.0;936821000000.0;31/03/2026;12888700000;-116.0;570.0;835.0;138.0;3454.0;0.0;0.0;0.0;0.0;0.0;0.0;0.0;156.0;0.0;0.0;67.0;0.0;0.0;0.0;0.0;0.0;1246070000000.0;47600000000.0;140533000000.0;371691000000.0;324091000000.0;445189000000.0;107583000000.0;32663000000.0
PETR4;PN;PETROBRAS PN;Petróleo, Gás e Biocombustíveis;42.51;28/05/2026;27.5;49.34;2362720000.0;547900000000.0;871991000000.0;31/03/2026;12888700000;-72.0;509.0;835.0;123.0;3454.0;0.0;0.0;0.0;0.0;0.0;0.0;0.0;156.0;0.0;0.0;75.0;0.0;0.0;0.0;0.0;0.0;1246070000000.0;47600000000.0;140533000000.0;371691000000.0;324091000000.0;445189000000.0;107583000000.0;32663000000.0
PETZ3;ON NM;PETZ ON NM;Comércio;4.39;02/01/2026;3.61;4.88;0.0;1980500000.0;1933520000.0;31/03/2026;451140000;0.0;4084.0;11.0;116.0;380.0;0.0;0.0;0.0;0.0;0.0;0.0;0.0;61.0;0.0;0.0;0.0;0.0;0.0;0.0;0.0;0.0;3895570000.0;433371000.0;1427390000.0;386382000.0;-46989000.0;1713010000.0;48496000.0;6017000.0
PFRM3;ON NM;PROFARMA ON NM;Comércio e Distribuição;6.75;28/05/2026;6.21;9.31;1778470.0;835738000.0;1580420000.0;31/03/2026;123813000;353.0;792.0;85.0;62.0;1083.0;0.0;0.0;0.0;0.0;0.0;0.0;0.0;64.0;0.0;0.0;95.0;0.0;0.0;0.0;0.0;0.0;6039790000.0;316515000.0;4265690000.0;1061200000.0;744687000.0;1341390000.0;105480000.0;-1750000.0
PGMN3;ON NM;PAGUE MENOS ON NM;Comércio e Distribuição;4.42;28/05/2026;3.12;7.54;31249000.0;3199630000.0;4614530000.0;31/03/2026;723898000;-178.0;1040.0;42.0;96.0;462.0;0.0;0.0;0.0;0.0;0.0;0.0;0.0;92.0;0.0;0.0;53.0;0.0;0.0;0.0;0.0;0.0;9806830000.0;241328000.0;5613340000.0;1656230000.0;1414900000.0;3347900000.0;307528000.0;52215000.0
PINE3;ON N1;Pine ON N1;Intermediários Financeiros;14.51;28/05/2026;4.69;15.31;132481.0;3768250000.0;0.0;31/03/2026;259700000;0.0;725.0;200.0;217.0;667.0;0.0;0.0;0.0;0.0;0.0;0.0;0.0;0.0;0.0;0.0;0.0;0.0;0.0;0.0;0.0;0.0;35571400000.0;0.0;0.0;0.0;0.0;1732760000.0;520042000.0;149900000.0
PINE4;PN;Pine PN;Intermediários Financeiros;15.45;28/05/2026;4.82;16.07;18995600.0;4012370000.0;0.0;31/03/2026;259700000;-32.0;772.0;200.0;232.0;667.0;0.0;0.0;0.0;0.0;0.0;0.0;0.0;0.0;0.0;0.0;48.0;0.0;0.0;0.0;0.0;0.0;35571400000.0;0.0;0.0;0.0;0.0;1732760000.0;520042000.0;149900000.0
PLAS3;ON;PLASCAR PARTICIPAÇÕES INDUSTRIAIS S.A ON;Automóveis e Motocicletas;2.93;27/05/2026;2.85;6.06;4173.0;36405200.0;270145000.0;31/03/2026;12425000;0.0;-18.0;-1614.0;-5.0;-6259.0;0.0;0.0;0.0;0.0;0.0;0.0;0.0;-32.0;0.0;0.0;0.0;0.0;0.0;0.0;0.0;0.0;605133000.0;26290000.0;191305000.0;260030000.0;233740000.0;-777639000.0;-200480000.0;-54417000.0
PLPL3;ON NM;PLANOEPLANO ON NM;Construção Civil;8.91;28/05/2026;8.91;17.36;68800200.0;1816760000.0;1906020000.0;31/03/2026;203901000;-326.0;541.0;165.0;171.0;522.0;0.0;0.0;0.0;0.0;0.0;0.0;0.0;189.0;0.0;0.0;55.0;0.0;0.0;0.0;0.0;0.0;4409240000.0;1047200000.0;3977660000.0;1136470000.0;89265900.0;1064270000.0;335876000.0;40804000.0
PMAM3;ON;PARANAPANEMA S.A. ON;Siderurgia e Metalurgia;0.34;28/05/2026;0.32;1.97;1712480.0;98757800.0;5756280000.0;31/12/2025;290464000;625.0;-7.0;-458.0;-1.0;-2597.0;0.0;0.0;0.0;0.0;0.0;0.0;0.0;-269.0;0.0;0.0;0.0;0.0;0.0;0.0;0.0;0.0;1207160000.0;41453000.0;200038000.0;5698970000.0;5657520000.0;-7544090000.0;-1331490000.0;-570521000.0
PNVL3;ON;PANVEL FARMÁCIAS ON;Comércio e Distribuição;11.87;28/05/2026;7.97;16.26;10575700.0;1784970000.0;2866620000.0;31/03/2026;150377000;128.0;1348.0;88.0;137.0;865.0;0.0;0.0;0.0;0.0;0.0;0.0;0.0;72.0;0.0;0.0;25.0;0.0;0.0;0.0;0.0;0.0;3663510000.0;304003000.0;2145460000.0;1385650000.0;1081640000.0;1300270000.0;132370000.0;33231000.0
POMO3;ON;MARCOPOLO ON;Material de Transporte;6.08;28/05/2026;4.54;6.72;4831120.0;7599390000.0;9147270000.0;31/03/2026;1249900000;50.0;609.0;100.0;187.0;325.0;0.0;0.0;0.0;0.0;0.0;0.0;0.0;150.0;0.0;0.0;155.0;0.0;0.0;0.0;0.0;0.0;9504230000.0;1828450000.0;5633170000.0;3376330000.0;1547890000.0;4061280000.0;1247620000.0;266082000.0
POMO4;PN N2;MARCOPOLO PN N2;Material de Transporte;6.18;28/05/2026;5.45;7.95;59087100.0;7724380000.0;9272260000.0;31/03/2026;1249900000;-64.0;619.0;100.0;190.0;325.0;0.0;0.0;0.0;0.0;0.0;0.0;0.0;150.0;0.0;0.0;153.0;0.0;0.0;0.0;0.0;0.0;9504230000.0;1828450000.0;5633170000.0;3376330000.0;1547890000.0;4061280000.0;1247620000.0;266082000.0
POSI3;ON NM;POSITIVO TEC ON NM;Computadores e Equipamentos;4.14;28/05/2026;3.77;4.72;4692080.0;587052000.0;1207400000.0;31/03/2026;141800000;24.0;5971.0;7.0;38.0;1098.0;0.0;0.0;0.0;0.0;0.0;0.0;0.0;50.0;0.0;0.0;43.0;0.0;0.0;0.0;0.0;0.0;4384120000.0;605795000.0;2779080000.0;1226140000.0;620349000.0;1556790000.0;9831000.0;-12305000.0
PRIO3;ON NM;PETRORIO ON NM;Petróleo, Gás e Biocombustíveis;62.97;28/05/2026;34.2;72.1;791937000.0;54941000000.0;79049000000.0;31/03/2026;872495000;-2.0;2122.0;297.0;206.0;3052.0;0.0;0.0;0.0;0.0;0.0;0.0;0.0;59.0;0.0;0.0;0.0;0.0;0.0;0.0;0.0;0.0;63548700000.0;2793650000.0;10657500000.0;26901600000.0;24108000000.0;26630600000.0;2589700000.0;2410880000.0
PRNR3;ON NM;PRINER ON NM;Serviços Diversos;19.1;28/05/2026;14.55;21.97;10118700.0;1085800000.0;1610020000.0;31/03/2026;56848000;69.0;2516.0;76.0;201.0;952.0;0.0;0.0;0.0;0.0;0.0;0.0;0.0;78.0;0.0;0.0;0.0;0.0;0.0;0.0;0.0;0.0;1878050000.0;312371000.0;835595000.0;836590000.0;524219000.0;540971000.0;43151000.0;56765000.0
PSSA3;ON;PORTO SEGURO SA ON;Previdência e Seguros;48.28;28/05/2026;43.65;55.41;86236800.0;31217200000.0;18176100000.0;31/03/2026;646586000;-54.0;848.0;570.0;201.0;2403.0;0.0;0.0;0.0;0.0;0.0;0.0;0.0;600.0;0.0;0.0;62.0;0.0;0.0;0.0;0.0;0.0;57474400000.0;13041100000.0;34082700000.0;0.0;-13041100000.0;15535900000.0;3682640000.0;1134020000.0
PTBL3;ON;PORTOBELLO S/A ON;Construção e Engenharia;1.85;28/05/2026;1.85;5.49;1159010.0;260826000.0;1430720000.0;31/03/2026;140987000;0.0;-87.0;-213.0;-706.0;-26.0;0.0;0.0;0.0;0.0;0.0;0.0;0.0;22.0;0.0;0.0;0.0;0.0;0.0;0.0;0.0;0.0;3595950000.0;200446000.0;1260650000.0;1370340000.0;1169890000.0;-36960000.0;-300146000.0;-41132000.0
PTNT3;ON;PETTENATI ON;Tecidos, Vestuário e Calçados;8.42;26/05/2026;7.02;9.62;20690.0;404551000.0;554102000.0;31/03/2026;48046500;0.0;1431.0;59.0;93.0;907.0;0.0;0.0;0.0;0.0;0.0;0.0;0.0;21.0;0.0;0.0;31.0;0.0;0.0;0.0;0.0;0.0;1159080000.0;360670000.0;704872000.0;510221000.0;149551000.0;435924000.0;28269200.0;10756700.0
PTNT4;PN;PETTENATI PN;Tecidos, Vestuário e Calçados;8.5;27/05/2026;4.28;8.88;219967.0;408395000.0;557946000.0;31/03/2026;48046500;0.0;1445.0;59.0;94.0;907.0;0.0;0.0;0.0;0.0;0.0;0.0;0.0;21.0;0.0;0.0;31.0;0.0;0.0;0.0;0.0;0.0;1159080000.0;360670000.0;704872000.0;510221000.0;149551000.0;435924000.0;28269200.0;10756700.0
QUAL3;ON NM;QUALICORP ON NM;Serv.Méd.Hospit. Análises e Diagnósticos;1.77;28/05/2026;1.6;2.72;8338650.0;502705000.0;1298510000.0;31/03/2026;284014000;-167.0;3300.0;5.0;39.0;459.0;0.0;0.0;0.0;0.0;0.0;0.0;0.0;151.0;0.0;0.0;3.0;0.0;0.0;0.0;0.0;0.0;3977360000.0;985344000.0;1281360000.0;1781150000.0;795801000.0;1304090000.0;15233000.0;18635000.0
RADL3;ON;RAIADROGASIL ON;Comércio e Distribuição;18.95;28/05/2026;12.92;26.91;227816000.0;33207400000.0;36331200000.0;31/03/2026;1752370000;243.0;2571.0;74.0;452.0;419.0;0.0;0.0;0.0;0.0;0.0;0.0;0.0;113.0;0.0;0.0;21.0;0.0;0.0;0.0;0.0;0.0;25272200000.0;537736000.0;15356800000.0;3661550000.0;3123810000.0;7340400000.0;1291850000.0;158956000.0
RAIL3;ON NM;RUMO S.A. ON NM;Transporte;13.85;28/05/2026;13.31;18.7;228274000.0;25744800000.0;43211300000.0;31/03/2026;1858830000;-142.0;2475.0;56.0;185.0;748.0;0.0;0.0;0.0;0.0;0.0;0.0;0.0;107.0;0.0;0.0;66.0;0.0;0.0;0.0;0.0;0.0;53715600000.0;5424350000.0;8319400000.0;22890800000.0;17466500000.0;13895300000.0;1040180000.0;93255000.0
RAIZ4;PN N2;RAIZEN PN N2;Petróleo, Gás e Biocombustíveis;0.34;28/05/2026;0.34;2.01;8199500.0;3519850000.0;64860100000.0;31/12/2025;10352500000;-1905.0;-16.0;-215.0;-220.0;-15.0;0.0;0.0;0.0;0.0;0.0;0.0;0.0;7.0;0.0;0.0;0.0;0.0;0.0;0.0;0.0;0.0;118687000000.0;16787400000.0;60988000000.0;78127700000.0;61340300000.0;-1596880000.0;-22257200000.0;-15555000000.0
RANI3;ON;IRANI ON;Madeira e Papel;7.94;28/05/2026;6.71;9.55;7522620.0;1830180000.0;2912660000.0;31/03/2026;230501000;13.0;903.0;88.0;124.0;638.0;0.0;0.0;0.0;0.0;0.0;0.0;0.0;106.0;0.0;0.0;61.0;0.0;0.0;0.0;0.0;0.0;3847150000.0;760220000.0;1280010000.0;1842700000.0;1082480000.0;1471350000.0;202771000.0;19416000.0
RAPT3;ON N1;RANDON S.A. IMPLEMENTOS E PARTICIPAÇÕES ON N1;Material de Transporte;5.15;28/05/2026;4.75;8.41;93893.0;1801080000.0;7231750000.0;31/03/2026;349725000;178.0;-620.0;-83.0;58.0;889.0;0.0;0.0;0.0;0.0;0.0;0.0;0.0;59.0;0.0;0.0;0.0;0.0;0.0;0.0;0.0;0.0;18941900000.0;4109980000.0;10431900000.0;9540640000.0;5430670000.0;3108190000.0;-290669000.0;-47596000.0
RAPT4;PN N1;RANDON S.A. IMPLEMENTOS E PARTICIPAÇÕES PN N1;Material de Transporte;5.2;28/05/2026;4.7;9.28;19255900.0;1818570000.0;7249240000.0;31/03/2026;349725000;19.0;-626.0;-83.0;59.0;889.0;0.0;0.0;0.0;0.0;0.0;0.0;0.0;59.0;0.0;0.0;0.0;0.0;0.0;0.0;0.0;0.0;18941900000.0;4109980000.0;10431900000.0;9540640000.0;5430670000.0;3108190000.0;-290669000.0;-47596000.0
RCSL3;ON;RECRUSUL ON;Material de Transporte;0.38;28/05/2026;0.37;0.98;82892.0;48369800.0;48365800.0;31/03/2026;127289000;270.0;-290.0;-13.0;-353.0;-11.0;0.0;0.0;0.0;0.0;0.0;0.0;0.0;-46.0;0.0;0.0;0.0;0.0;0.0;0.0;0.0;0.0;33593000.0;4000.0;10791000.0;0.0;-4000.0;-13686000.0;-16685000.0;-2716000.0
RCSL4;PN;RECRUSUL PN;Material de Transporte;0.52;28/05/2026;0.24;2.7;2941230.0;66190300.0;66186300.0;31/03/2026;127289000;0.0;-397.0;-13.0;-484.0;-11.0;0.0;0.0;0.0;0.0;0.0;0.0;0.0;-46.0;0.0;0.0;0.0;0.0;0.0;0.0;0.0;0.0;33593000.0;4000.0;10791000.0;0.0;-4000.0;-13686000.0;-16685000.0;-2716000.0
RDNI3;ON NM;RNI ON NM;Construção Civil;2.14;16/12/2025;2.01;2.82;0.0;93667800.0;564811000.0;31/12/2025;43770000;0.0;-47.0;-455.0;125.0;171.0;0.0;0.0;0.0;0.0;0.0;0.0;0.0;-78.0;0.0;0.0;0.0;0.0;0.0;0.0;0.0;0.0;1047920000.0;20894000.0;577773000.0;492037000.0;471143000.0;74882000.0;-199083000.0;-96609000.0
RDOR3;ON NM;REDE D OR ON NM;Serv.Méd.Hospit. Análises e Diagnósticos;34.47;28/05/2026;29.55;44.93;354206000.0;78911900000.0;86166000000.0;31/03/2026;2289290000;20.0;1710.0;202.0;399.0;864.0;0.0;0.0;0.0;0.0;0.0;0.0;0.0;93.0;0.0;0.0;124.0;0.0;0.0;0.0;0.0;0.0;109771000000.0;41262800000.0;54782500000.0;48516900000.0;7254100000.0;19769300000.0;4615260000.0;967326000.0
RECV3;ON NM;PETRORECONCA ON NM;Petróleo, Gás e Biocombustíveis;11.58;28/05/2026;9.23;14.0;40113500.0;3398410000.0;4914970000.0;31/03/2026;293472000;-195.0;636.0;182.0;81.0;1430.0;0.0;0.0;0.0;0.0;0.0;0.0;0.0;74.0;0.0;0.0;118.0;0.0;0.0;0.0;0.0;0.0;9068120000.0;1657310000.0;2246930000.0;3173880000.0;1516560000.0;4195990000.0;534620000.0;123797000.0
REDE3;ON;REDE EMPRESAS DE ENERGIA ELÉTRICA S.A. ON;Energia Elétrica;5.89;28/05/2026;5.72;6.8;13883.0;15126700000.0;31260100000.0;31/03/2026;2568200000;51.0;1333.0;44.0;243.0;243.0;0.0;0.0;0.0;0.0;0.0;0.0;0.0;112.0;0.0;0.0;68.0;0.0;0.0;0.0;0.0;0.0;35509100000.0;4268660000.0;10279600000.0;20402000000.0;16133400000.0;6235820000.0;1134480000.0;300732000.0
RENT3;ON;LOCALIZA RENT A CAR ON;Diversos;42.82;28/05/2026;30.54;52.33;431518000.0;48140800000.0;80433800000.0;31/03/2026;1124260000;0.0;2136.0;200.0;183.0;2340.0;0.0;0.0;0.0;0.0;0.0;0.0;0.0;96.0;0.0;0.0;47.0;0.0;0.0;0.0;0.0;0.0;85467600000.0;9664790000.0;20143800000.0;41957800000.0;32293000000.0;26309600000.0;2254120000.0;1221900000.0
RIAA3;ON NM;RIACHUELO ON NM;Comércio;9.1;28/05/2026;5.43;10.57;16439500.0;4571260000.0;5671460000.0;31/03/2026;502336000;-98.0;303.0;300.0;86.0;1059.0;0.0;0.0;0.0;0.0;0.0;0.0;0.0;74.0;0.0;0.0;358.0;0.0;0.0;0.0;0.0;0.0;14094600000.0;1387120000.0;9097880000.0;2487320000.0;1100200000.0;5319110000.0;1506860000.0;5037000.0
RIOS3;ON ;RIO ALTO ON ;Energia Elétrica;30.5;24/02/2026;29.2;36.0;0.0;2083090000.0;3673070000.0;30/09/2025;68298000;0.0;-453.0;-673.0;-230.0;-1326.0;0.0;0.0;0.0;0.0;0.0;0.0;0.0;-28.0;0.0;0.0;0.0;0.0;0.0;0.0;0.0;0.0;1910720000.0;5710000.0;27718000.0;1595690000.0;1589980000.0;-905447000.0;-459726000.0;-77145000.0
RNEW3;ON N2;RENOVA ON N2;Energia Elétrica;0.91;28/05/2026;0.85;1.72;79699.0;339535000.0;995070000.0;31/03/2026;373115000;0.0;-240.0;-38.0;29.0;309.0;0.0;0.0;0.0;0.0;0.0;0.0;0.0;-5.0;0.0;0.0;0.0;0.0;0.0;0.0;0.0;0.0;3046850000.0;81409000.0;247186000.0;736944000.0;655535000.0;1153290000.0;-141606000.0;-36913000.0
RNEW4;PN N2;RENOVA PN N2;Energia Elétrica;0.89;28/05/2026;0.85;1.72;87208.0;332072000.0;987607000.0;31/03/2026;373115000;0.0;-235.0;-38.0;29.0;309.0;0.0;0.0;0.0;0.0;0.0;0.0;0.0;-5.0;0.0;0.0;0.0;0.0;0.0;0.0;0.0;0.0;3046850000.0;81409000.0;247186000.0;736944000.0;655535000.0;1153290000.0;-141606000.0;-36913000.0
ROMI3;ON;ROMI ON;Máquinas e Equipamentos;6.5;28/05/2026;6.36;9.01;2051270.0;605612000.0;1163400000.0;31/03/2026;93171000;-31.0;782.0;83.0;49.0;1333.0;0.0;0.0;0.0;0.0;0.0;0.0;0.0;24.0;0.0;0.0;83.0;0.0;0.0;0.0;0.0;0.0;2646550000.0;383458000.0;1623550000.0;941249000.0;557791000.0;1242140000.0;77468000.0;2331000.0
RPAD3;ON;ALFA HOLDINGS ON;Intermediários Financeiros;7.5;12/05/2026;4.1;7.5;480.0;635115000.0;506517000.0;31/03/2026;84682000;0.0;737.0;102.0;62.0;1208.0;0.0;0.0;0.0;0.0;0.0;0.0;0.0;-2.0;0.0;0.0;1.0;0.0;0.0;0.0;0.0;0.0;1033690000.0;0.0;0.0;0.0;0.0;-128598000.0;-1804000.0;-479000.0
RPAD5;PNA;ALFA HOLDINGS PNA;Intermediários Financeiros;6.93;28/05/2026;5.63;7.39;4078.0;586846000.0;458248000.0;31/03/2026;84682000;0.0;681.0;102.0;57.0;1208.0;0.0;0.0;0.0;0.0;0.0;0.0;0.0;-2.0;0.0;0.0;82.0;0.0;0.0;0.0;0.0;0.0;1033690000.0;0.0;0.0;0.0;0.0;-128598000.0;-1804000.0;-479000.0
RPAD6;PNB;ALFA HOLDINGS PNB;Intermediários Financeiros;6.5;18/05/2026;4.03;6.5;307.0;550433000.0;421835000.0;31/03/2026;84682000;0.0;638.0;102.0;54.0;1208.0;0.0;0.0;0.0;0.0;0.0;0.0;0.0;-2.0;0.0;0.0;2.0;0.0;0.0;0.0;0.0;0.0;1033690000.0;0.0;0.0;0.0;0.0;-128598000.0;-1804000.0;-479000.0
RPMG3;ON;REFINARIA DE PETRÓLEOS DE MANGUINHOS S.A ON;Petróleo, Gás e Biocombustíveis;1.81;28/05/2026;1.81;3.06;15776.0;122523000.0;69279500.0;30/06/2025;67692000;-995.0;-7.0;-2450.0;-2.0;-10981.0;0.0;0.0;0.0;0.0;0.0;0.0;0.0;-177.0;0.0;0.0;0.0;0.0;0.0;0.0;0.0;0.0;10287800000.0;53243000.0;9817360000.0;0.0;-53243000.0;-7433370000.0;-1658780000.0;-514368000.0
RSID3;ON N1;ROSSI RESIDENCIAL ON N1;Construção Civil;1.6;18/05/2026;1.45;2.14;6605.0;32435500.0;391438000.0;31/12/2024;20272200;0.0;38.0;421.0;-4.0;-3733.0;0.0;0.0;0.0;0.0;0.0;0.0;0.0;-64.0;0.0;0.0;0.0;0.0;0.0;0.0;0.0;0.0;458067000.0;30043000.0;185653000.0;389045000.0;359002000.0;-756841000.0;85267000.0;205312000.0
RSUL4;PN;METALURGICA RIOSULENSE S/A PN;Material de Transporte;65.63;28/05/2026;57.9;70.48;281534.0;398514000.0;369115000.0;31/03/2026;6072130;46.0;635.0;1034.0;139.0;4732.0;0.0;0.0;0.0;0.0;0.0;0.0;0.0;197.0;0.0;0.0;38.0;0.0;0.0;0.0;0.0;0.0;467131000.0;80612000.0;265565000.0;51213000.0;-29399000.0;287360000.0;62760000.0;13354000.0
RVEE3;ON NM;REVEE ON NM;Viagens e Lazer;0.87;26/05/2026;0.68;30.0;692.0;8848770.0;8475770.0;31/03/2026;10171000;0.0;106.0;82.0;13.0;693.0;0.0;0.0;0.0;0.0;0.0;0.0;0.0;-56.0;0.0;0.0;0.0;0.0;0.0;0.0;0.0;0.0;342904000.0;373000.0;44510000.0;0.0;-373000.0;70489000.0;8343000.0;-3699000.0
SANB11;UNT;SANTANDER UNT;Intermediários Financeiros;27.22;28/05/2026;24.63;36.97;85621500.0;102055000000.0;0.0;31/03/2026;7498530000;-91.0;659.0;413.0;105.0;2593.0;0.0;0.0;0.0;0.0;0.0;0.0;0.0;0.0;0.0;0.0;85.0;0.0;0.0;0.0;0.0;0.0;1283790000000.0;0.0;0.0;0.0;0.0;97206400000.0;15483900000.0;3838100000.0
SANB3;ON;SANTANDER ON;Intermediários Financeiros;13.2;28/05/2026;11.75;18.24;1393850.0;98980600000.0;0.0;31/03/2026;7498530000;-53.0;639.0;206.0;102.0;1296.0;0.0;0.0;0.0;0.0;0.0;0.0;0.0;0.0;0.0;0.0;83.0;0.0;0.0;0.0;0.0;0.0;1283790000000.0;0.0;0.0;0.0;0.0;97206400000.0;15483900000.0;3838100000.0
SANB4;PN;SANTANDER PN;Intermediários Financeiros;14.13;28/05/2026;13.0;18.72;1736310.0;105954000000.0;0.0;31/03/2026;7498530000;-84.0;684.0;206.0;109.0;1296.0;0.0;0.0;0.0;0.0;0.0;0.0;0.0;0.0;0.0;0.0;86.0;0.0;0.0;0.0;0.0;0.0;1283790000000.0;0.0;0.0;0.0;0.0;97206400000.0;15483900000.0;3838100000.0
SAPR11;UNT N2;SANEPAR UNT N2;Água e Saneamento;38.51;28/05/2026;31.13;47.9;76432000.0;11639300000.0;13560700000.0;31/03/2026;1511210000;134.0;951.0;405.0;92.0;4202.0;0.0;0.0;0.0;0.0;0.0;0.0;0.0;93.0;0.0;0.0;51.0;0.0;0.0;0.0;0.0;0.0;26827900000.0;5359480000.0;7025970000.0;7280860000.0;1921380000.0;12700500000.0;1224260000.0;352681000.0
SAPR3;ON;SANEPAR ON;Água e Saneamento;8.57;28/05/2026;6.27;11.71;1737010.0;12951000000.0;14872400000.0;31/03/2026;1511210000;190.0;1058.0;81.0;102.0;840.0;0.0;0.0;0.0;0.0;0.0;0.0;0.0;93.0;0.0;0.0;42.0;0.0;0.0;0.0;0.0;0.0;26827900000.0;5359480000.0;7025970000.0;7280860000.0;1921380000.0;12700500000.0;1224260000.0;352681000.0
SAPR4;PN;SANEPAR PN;Água e Saneamento;7.47;28/05/2026;6.14;9.08;11704100.0;11288700000.0;13210100000.0;31/03/2026;1511210000;149.0;922.0;81.0;89.0;840.0;0.0;0.0;0.0;0.0;0.0;0.0;0.0;93.0;0.0;0.0;53.0;0.0;0.0;0.0;0.0;0.0;26827900000.0;5359480000.0;7025970000.0;7280860000.0;1921380000.0;12700500000.0;1224260000.0;352681000.0
SBFG3;ON;GRUPO SBF ON;Comércio;11.3;28/05/2026;9.58;14.95;24715000.0;2606500000.0;5291870000.0;31/03/2026;230664000;62.0;779.0;145.0;84.0;1339.0;0.0;0.0;0.0;0.0;0.0;0.0;0.0;64.0;0.0;0.0;48.0;0.0;0.0;0.0;0.0;0.0;9111450000.0;223953000.0;4509720000.0;2909320000.0;2685370000.0;3087730000.0;334706000.0;74211000.0
